Datum;Anfang;Ende;Deutschland/Luxemburg [€/MWh] Originale Auflösungen;∅ Anrainer DE/LU [€/MWh] Originale Auflösungen;Belgien [€/MWh] Originale Auflösungen;Dänemark 1 [€/MWh] Originale Auflösungen;Dänemark 2 [€/MWh] Originale Auflösungen;Frankreich [€/MWh] Originale Auflösungen;Niederlande [€/MWh] Originale Auflösungen;Norwegen 2 [€/MWh] Originale Auflösungen;Österreich [€/MWh] Originale Auflösungen;Polen [€/MWh] Originale Auflösungen;Schweden 4 [€/MWh] Originale Auflösungen;Schweiz [€/MWh] Originale Auflösungen;Tschechien [€/MWh] Originale Auflösungen;DE/AT/LU [€/MWh] Originale Auflösungen;Italien (Nord) [€/MWh] Originale Auflösungen;Slowenien [€/MWh] Originale Auflösungen;Ungarn [€/MWh] Originale Auflösungen
01.09.2022;00:00;01:00;490,77;450,22;331,7;490,77;490,77;571,39;426,4;505,43;508,74;248,17;309,99;569,92;499,1;-;571,39;511,66;505,47
01.09.2022;01:00;02:00;484,36;446,89;389,4;484,36;484,36;532,14;445,96;498,83;495,02;246,59;309,93;539,91;489,33;-;540;496,72;493,08
01.09.2022;02:00;03:00;486,34;445,95;389,4;486,34;486,34;535,86;447,76;498,81;497,29;232,38;309,91;529,95;491,4;-;535,86;499,07;495,29
01.09.2022;03:00;04:00;480,02;429,86;409,91;480,02;480,02;514,95;451,98;494,36;487,75;230,54;176,93;517,7;484,34;-;524,87;486,47;489,54
01.09.2022;04:00;05:00;495,18;456,89;494,99;495,18;495,18;494,61;495,13;504,87;495,07;230,41;309,97;514,07;496,31;-;525;491,05;500,12
01.09.2022;05:00;06:00;532,8;509,74;532,8;532,8;532,8;532,8;532,8;572,82;532,8;256,43;520,01;528,27;532,8;-;547,86;532,8;532,8
01.09.2022;06:00;07:00;644,71;603,51;600;644,71;644,71;646,44;613,69;595;647,58;355,73;629,24;614,6;646,91;-;646,44;646,44;648,1
01.09.2022;07:00;08:00;669,21;641,08;628,7;669,21;669,21;690,38;653,39;648,47;674,9;391,69;669,21;684,98;671,75;-;690,38;675,03;673,33
01.09.2022;08:00;09:00;665,46;632,43;562;665,46;665,46;719,2;626,87;644,83;680,05;385,53;649,49;685,77;672,08;-;780;680,35;676,06
01.09.2022;09:00;10:00;614,15;581,46;536;614,15;614,15;654,68;583,58;599,85;625,75;284,88;599,85;664,03;619,13;-;840;625,4;622,16
01.09.2022;10:00;11:00;567,93;544,7;500;567,93;567,93;624,42;519,9;581,46;604,02;206,37;567,93;665,34;586,36;-;769,5;603;599,59
01.09.2022;11:00;12:00;522,02;522,89;432,29;522,02;522,02;615,16;478,8;538,72;663,96;190,8;522,02;664,89;601,12;-;720;661;661,47
01.09.2022;12:00;13:00;495,26;510,2;407,61;495,26;495,26;680;441,68;511,1;680;187,95;495,26;624,62;593,45;-;680;676,76;672,79
01.09.2022;13:00;14:00;491,55;511,59;458;491,55;491,55;633,62;463,98;507,28;679,9;186,76;491,55;629,68;593,65;-;675,64;675,64;676,66
01.09.2022;14:00;15:00;511,25;516,95;420,5;511,25;511,25;647,98;461,4;527,6;674,93;185,18;500,9;646,11;599,38;-;720;671,05;669,68
01.09.2022;15:00;16:00;539,65;533,75;420,54;539,65;539,65;635,07;469,5;556,91;684,95;230,01;526,7;648,72;619,57;-;720;678,15;682,76
01.09.2022;16:00;17:00;559,97;547,86;458;559,97;559,97;618,23;514,13;580,05;660,51;263,59;546,53;650,63;614,9;-;750;656,95;657,22
01.09.2022;17:00;18:00;631,45;606,31;556;631,45;631,45;680,71;601,2;619,92;679,94;315,16;619,92;674,77;658,87;-;762;680,09;679,21
01.09.2022;18:00;19:00;686,23;655,19;567,2;686,23;686,23;759,75;635;654,81;703,47;453,89;669,76;697,06;693,72;-;759,75;704,08;698,95
01.09.2022;19:00;20:00;729,9;707,52;617,77;729,9;729,9;800;680,98;678,91;745,85;624,96;712,38;724,95;737,08;-;800;746,92;742,04
01.09.2022;20:00;21:00;702,09;690,27;582,62;702,09;702,09;775,75;650;663,15;718,24;711,29;685,24;691,78;710,71;-;775,75;715,53;718,82
01.09.2022;21:00;22:00;640,72;620,69;574;640,72;640,72;675,38;613,1;632,41;649,89;455,06;625,35;676,31;644,64;-;675,38;650,04;647,39
01.09.2022;22:00;23:00;572,54;561,43;521,6;572,54;572,54;614,3;550;565,02;581,45;443,7;558,8;620,12;575,71;-;614,3;582,03;578,91
01.09.2022;23:00;00:00;495,19;492,84;475,18;495,19;495,19;602,27;475;511,03;512,39;253,77;483,31;616,36;501,5;-;602,27;511,67;512,95
02.09.2022;00:00;01:00;456,05;439,18;456,05;456,05;456,05;456,05;456,05;469,67;456,05;234,93;445,1;488,96;456,05;-;492,76;456,05;456,05
02.09.2022;01:00;02:00;418,74;402,11;418,74;418,74;418,74;418,74;418,74;431,24;418,74;206,86;408,69;445,25;418,74;-;465,51;418,74;418,74
02.09.2022;02:00;03:00;395,35;381,21;395,35;395,35;395,35;395,35;395,35;407,16;395,35;190,94;385,86;441,92;395,35;-;440;395,35;395,35
02.09.2022;03:00;04:00;362,68;354,26;362,68;362,68;362,68;362,68;362,68;373,51;362,68;196,84;353,97;433,73;362,68;-;430,5;362,68;362,68
02.09.2022;04:00;05:00;391,73;380,83;391,73;391,73;391,73;391,73;391,73;404,26;391,73;225,68;382,33;434,78;391,73;-;430,5;391,73;391,73
02.09.2022;05:00;06:00;445,42;427,45;445,42;445,42;445,42;445,42;445,42;446,59;445,42;240,89;434,73;461,83;445,42;-;453,64;445,42;445,42
02.09.2022;06:00;07:00;532,08;510,56;532,07;532,08;532,08;532,06;532,08;530,91;532,08;283,56;532,08;545,02;532,11;-;532,06;531,95;532,25
02.09.2022;07:00;08:00;566,1;546,73;566,1;566,1;566,1;566,1;566,1;565,09;566,1;350,08;566,1;570,09;566,1;-;566,1;566,1;566,1
02.09.2022;08:00;09:00;581,97;555,56;580,53;581,97;581,97;582,77;581,4;581,97;581,97;280,99;581,97;593,31;582,35;-;582,77;580,87;583,59
02.09.2022;09:00;10:00;529,89;507,8;525,84;529,89;529,89;562;520,53;546,76;554,84;212,16;529,89;549,36;524,63;-;562;542,29;550,2
02.09.2022;10:00;11:00;497,53;477,78;507,65;497,53;497,53;529,52;496,98;512,39;541,86;151,76;497,53;531,93;490,9;-;532,06;532,06;523,6
02.09.2022;11:00;12:00;404,22;434,12;442,34;414,16;414,16;544,57;416,38;426,53;544,57;145,85;414,16;549,44;463,16;-;544,57;563,05;542,9
02.09.2022;12:00;13:00;260,08;357,62;342;282,98;282,98;558,84;281,3;291,43;550,03;144,81;282,98;536,11;380,4;-;558,84;590,23;544,83
02.09.2022;13:00;14:00;238,59;344,07;316;262,17;262,17;532,06;262,17;270;566,63;146,69;262,17;524,99;379,77;-;532,06;604,4;564,07
02.09.2022;14:00;15:00;244,16;343,34;322,34;263,97;263,97;541,68;263,97;271,85;541,68;151,76;263,97;524,97;366,53;-;541,68;581,21;537,38
02.09.2022;15:00;16:00;309,98;364,43;320,23;309,98;309,98;449,98;310,68;319,9;543,39;170,57;309,98;540,37;423,65;-;543,39;556,62;544,45
02.09.2022;16:00;17:00;367,53;412,78;412,39;367,53;367,53;474,87;366,83;394,81;545,39;225,4;367,53;568,68;449,64;-;541,68;541,68;537,66
02.09.2022;17:00;18:00;489,39;487,23;487,85;489,39;489,39;521,69;484,8;489,53;551,9;267,64;489,39;565,43;522,51;-;547,74;547,74;556,3
02.09.2022;18:00;19:00;550,1;536,85;554,95;550,1;550,1;563,43;554,23;549,96;546,9;368,93;550,1;564,92;551,7;-;563,43;548,28;557,78
02.09.2022;19:00;20:00;574,34;571,86;597,27;574,34;574,34;640,26;593,96;570,1;599,97;436,35;560,56;545,82;597,51;-;640,26;625,87;618,11
02.09.2022;20:00;21:00;562,86;562,51;558,27;562,86;562,86;627,36;550,1;542,5;570,69;509,31;549,35;595,69;558,67;-;627,36;572,57;568,12
02.09.2022;21:00;22:00;401,96;439,92;473,26;401,96;401,96;613,44;402;438,58;450,01;285,38;392,32;580;400,16;-;613,44;453,32;428,63
02.09.2022;22:00;23:00;343,25;376,99;327,48;343,25;343,25;557,83;291;354,24;435,02;234,56;335,02;575,22;349,98;-;557,83;425,33;398,71
02.09.2022;23:00;00:00;210,06;273,48;211,1;210,06;210,06;532,06;262,28;216,78;260,14;165,81;189,29;558,52;192,19;-;532,06;267,48;230,16
03.09.2022;00:00;01:00;230,18;322,57;298,7;230,18;224,66;579,54;264,6;237,55;529,94;242,36;224,66;450,08;265,96;-;579,54;398,18;334,45
03.09.2022;01:00;02:00;244,97;267,9;316,4;244,97;182,98;435,01;220,7;252,8;278,15;191,05;182,98;421,01;220,86;-;478,89;279,03;250,9
03.09.2022;02:00;03:00;262,46;270,6;288,28;262,46;182,97;395,42;256;270,85;321,54;169,61;182,97;395,42;251,08;-;471,87;318,68;286,13
03.09.2022;03:00;04:00;249,99;245,01;250,01;249,99;182,98;250,15;249,97;257,99;250,12;160,46;182,98;410,42;250,03;-;491,77;250,14;250,08
03.09.2022;04:00;05:00;235,3;240,39;238,69;235,3;182,96;266,48;232,01;242,83;260,37;160,58;182,96;399,1;243,03;-;479,65;264,95;253,61
03.09.2022;05:00;06:00;291,67;275,24;291,67;291,67;224,33;291,67;291,67;301;291,67;155,45;224,33;372,55;291,67;-;473,65;291,67;291,67
03.09.2022;06:00;07:00;275;273,25;275;275;268,4;275;275;283,21;275;155,05;268,4;380,72;275;-;468,17;275;275
03.09.2022;07:00;08:00;370,08;358,31;370,08;370,08;361,2;370,08;370,08;381,13;370,08;212,28;361,2;405,08;370,08;-;468,17;370,08;370,08
03.09.2022;08:00;09:00;400,43;385,03;396,16;400,43;390,82;403,11;398,5;412,39;400,96;235,76;390,82;405,72;400,62;-;468,17;400,99;400,8
03.09.2022;09:00;10:00;378,67;378,66;412,2;378,67;369,58;470,51;380,56;392,42;406,34;203,87;369,58;425,02;356,52;-;470,51;398,48;382,48
03.09.2022;10:00;11:00;206,73;292,18;294,52;206,73;201,77;462,65;206,73;440,91;396,09;155,05;201,77;427,09;220,71;-;462,65;397,3;397,81
03.09.2022;11:00;12:00;128,28;259,82;304,24;128,28;128,28;450,19;146,6;452,4;396,05;128,28;128,28;432,02;163,4;-;450,19;389,24;382,27
03.09.2022;12:00;13:00;75,27;226,49;246,42;75,27;75,27;451,77;46,86;467,6;340,09;110,49;75,27;429,79;172,55;-;451,77;337,49;307,33
03.09.2022;13:00;14:00;51,01;206,05;217,68;51,01;51,01;415,07;22,78;455,16;371,28;113,17;51,01;408,62;109,72;-;429,72;321,89;272,99
03.09.2022;14:00;15:00;77,55;219,78;243,91;77,55;77,55;398,84;105,78;458,54;396,05;112,54;77,55;396,91;72,38;-;430,32;315,54;254,66
03.09.2022;15:00;16:00;165,93;262,33;244,95;165,93;161,95;380,93;180,85;429,83;413;154,26;161,95;376,13;215,82;-;436,43;367,04;332,35
03.09.2022;16:00;17:00;249,98;296,69;246,88;249,98;240,01;310,37;240,43;386,09;413,09;199,71;240,01;410,48;326,53;-;440,51;414,17;437,93
03.09.2022;17:00;18:00;401,54;375,38;400,53;401,54;295,79;411,43;398,32;413,53;430,01;269,67;295,79;401,89;410,65;-;465,26;453,56;484,73
03.09.2022;18:00;19:00;453,63;441,03;453,63;453,63;442,74;453,63;453,63;467,18;453,63;319,5;442,74;457,37;453,63;-;468,17;453,63;453,63
03.09.2022;19:00;20:00;530;507,44;530;530;513,34;530;530;530;530;340,23;513,34;504,91;530;-;530;530;530
03.09.2022;20:00;21:00;514,93;492,68;508,28;514,93;456,58;575,66;499,98;511,69;522,63;339,39;456,58;524,27;509,45;-;575,66;523,92;516,61
03.09.2022;21:00;22:00;411;384,69;404,94;411;260,01;476,65;400;441,89;419,63;275,95;260,01;476,23;405,3;-;476,65;420,94;413,11
03.09.2022;22:00;23:00;381,71;347,61;378,02;381,71;182,92;476,65;381,71;393,92;396,05;194,9;182,92;479,29;375,63;-;476,65;397,65;386,6
03.09.2022;23:00;00:00;319,72;281,94;313,17;319,72;61,04;468,17;319,72;329,95;333,8;117,97;61,04;466,8;309,93;-;468,17;344,38;327,08
04.09.2022;00:00;01:00;210,27;229,94;342,72;210,27;63,95;430,39;308,93;217;167,42;92,32;63,95;401,92;230,5;-;430,39;273,21;241,01
04.09.2022;01:00;02:00;204,77;202,48;255,45;204,77;64,98;296,57;242,96;211,32;188,01;92,4;64,98;392,83;213,03;-;412,77;230,48;217,41
04.09.2022;02:00;03:00;200,05;198,88;203,84;200,05;77,48;286,73;194,96;206,45;230,39;92,31;77,48;402,23;215,72;-;399,99;262,99;237,32
04.09.2022;03:00;04:00;204,16;186,9;203,3;204,16;65,79;209,34;202,71;210,69;207,56;92,17;65,79;388,93;205,41;-;397,69;209,43;207,36
04.09.2022;04:00;05:00;220,08;194,76;219,44;220,08;65,11;223,93;219;227,12;222,61;90,62;65,11;368,29;221,01;-;391,98;224;222,46
04.09.2022;05:00;06:00;222,72;209,23;204,87;222,72;60,58;330,44;193,5;229,85;293,17;92,44;60,58;364,74;248,63;-;387,89;331,88;288,92
04.09.2022;06:00;07:00;211,07;187,8;211,07;211,07;57,25;211,07;211,07;217,37;211,07;106,04;57,25;361,45;211,07;-;386,51;211,07;211,07
04.09.2022;07:00;08:00;226,39;195;226,39;226,39;84,74;226,39;226,39;233,15;226,39;109,72;84,74;274,3;226,39;-;380,52;226,39;226,39
04.09.2022;08:00;09:00;209,95;201,49;209,95;209,95;182,9;209,95;209,95;216,22;209,95;106,01;182,9;268,67;209,95;-;386,17;209,95;209,95
04.09.2022;09:00;10:00;183,72;202,27;225,8;183,72;179,31;253,86;216,1;190,04;176,79;106,53;179,31;321,52;191,98;-;369,32;210,06;205,65
04.09.2022;10:00;11:00;125,91;175,15;136,96;125,91;114,84;170,97;124,21;299,95;273,7;114,84;114,84;266,42;184,03;-;369,32;273,7;290,15
04.09.2022;11:00;12:00;83,97;162,67;132,26;83,97;82,19;233,74;92,46;201,54;297,79;92,41;82,19;323,64;167,15;-;360,08;310,83;312,64
04.09.2022;12:00;13:00;72,61;181,2;167,86;72,61;74,4;369,32;86,27;249,99;328,58;99,95;74,4;310;159,78;-;369,32;364,45;333,97
04.09.2022;13:00;14:00;52,91;168,53;129,35;52,91;56,52;290,09;64,9;407,02;278,76;100,01;56,52;282,1;135,62;-;300,9;300,9;274,03
04.09.2022;14:00;15:00;65,48;180,74;146,16;65,48;67,09;320,99;79,1;406,65;308,82;110,38;67,09;261,61;154,81;-;333,1;333,1;307,17
04.09.2022;15:00;16:00;86,63;193,01;169,1;86,63;86,63;346,87;99,71;366,47;317,68;114,33;86,63;281,92;167,19;-;346,87;346,87;320,78
04.09.2022;16:00;17:00;204,12;228,51;205,71;204,12;204,12;236,37;204,12;249,92;299,73;106,03;204,12;350;249,4;-;360,53;299,73;299,31
04.09.2022;17:00;18:00;375;357,63;375;375;375;375;375;412,5;375;156,74;375;364,72;375;-;386,26;375;375
04.09.2022;18:00;19:00;455,47;431,89;455,47;455,47;444,54;455,47;455,47;444,54;455,47;255,27;444,54;429,13;455,47;-;455,47;455,47;455,47
04.09.2022;19:00;20:00;509,93;481,16;509,93;509,93;497,69;509,93;509,93;503,86;509,93;233,85;497,69;500,06;509,93;-;509,93;509,93;509,93
04.09.2022;20:00;21:00;509,93;479,65;509,93;509,93;497,69;509,93;509,93;503,4;509,93;231,67;497,69;486,12;509,93;-;509,93;509,93;509,93
04.09.2022;21:00;22:00;445;423,08;445;445;434,32;445;445;451,54;445;233,66;434,32;430;445;-;445;445;445
04.09.2022;22:00;23:00;409,67;382,45;409,67;409,67;379,99;409,67;409,67;421,19;409,67;145,69;379,99;422,05;409,67;-;409,67;409,67;409,67
04.09.2022;23:00;00:00;335,28;310,27;341,47;335,28;240,71;393,61;335,28;346,01;333,85;116,1;240,71;395,51;334,46;-;393,61;346,7;339,59
05.09.2022;00:00;01:00;269,25;252,5;269,99;269,25;182,91;271,98;269,25;277,29;287,95;127,09;182,91;338,68;300,18;-;391,22;293,6;297,2
05.09.2022;01:00;02:00;220;214,74;220;220;182,99;220;220;226,57;220;141,37;182,99;308,2;220;-;367;220;220
05.09.2022;02:00;03:00;212,45;219,32;212,62;212,45;191,53;213,08;212,45;218,8;217,75;132,2;191,53;390;220,07;-;355;218,08;219,79
05.09.2022;03:00;04:00;222,84;228,19;222,84;222,84;210;222,83;222,84;229,5;222,83;127,9;210;395,65;222,88;-;317;222,7;222,97
05.09.2022;04:00;05:00;239,33;242,67;239,33;239,33;233,58;239,33;239,33;246,47;239,33;126,45;233,58;393,34;239,33;-;300;239,33;239,33
05.09.2022;05:00;06:00;367,52;348,64;367,52;367,52;358,7;367,52;367,52;378,5;367,52;142,07;358,7;391,94;367,52;-;367,52;367,52;367,52
05.09.2022;06:00;07:00;459,9;440,71;459,9;459,9;459,9;459,9;459,9;459,9;459,9;272,67;459,9;436,02;459,9;-;459,9;459,9;459,9
05.09.2022;07:00;08:00;506,5;494,23;506,5;506,5;506,5;506,5;506,5;506,5;506,5;363,02;506,5;515;506,5;-;506,5;506,5;506,5
05.09.2022;08:00;09:00;519,93;509,91;519,93;519,93;519,93;519,93;519,93;519,93;519,93;398,6;519,93;530,99;519,93;-;519,93;519,93;519,93
05.09.2022;09:00;10:00;470,49;456,73;455,6;470,49;470,49;482,64;463,24;478,92;492,56;237,91;478,92;514,02;479,2;-;489,59;489,59;489,83
05.09.2022;10:00;11:00;400,99;409,67;413,2;400,99;400,99;467,91;383,3;431,66;471,04;179,59;431,66;490,07;435,95;-;470;470;469,17
05.09.2022;11:00;12:00;308,08;356,95;285,37;308,08;308,08;475,88;282,05;387,98;475,88;141,57;387,98;475,2;398,33;-;475,88;478,47;477,05
05.09.2022;12:00;13:00;250,01;340,22;236;250,01;250,01;457,98;227,18;404,91;509,97;128,63;379,64;503,11;394,93;-;457,98;513,09;516,02
05.09.2022;13:00;14:00;182,56;317,01;235,67;182,56;182,56;449,16;182,56;400,99;514,92;137,12;343,62;497,96;360;-;449,16;516,65;518,98
05.09.2022;14:00;15:00;204,1;307,43;266,39;204,1;204,1;455,57;204,1;293,05;519,96;121,18;293,05;514,23;305,99;-;459,28;482,69;470,27
05.09.2022;15:00;16:00;267,37;347,11;290,99;267,37;267,37;424,25;267,37;404,93;509,96;159,44;379,62;460,89;386,05;-;487,58;487,58;490,89
05.09.2022;16:00;17:00;346,51;392,16;350,55;346,51;346,51;466,03;362;404,22;514,94;229,04;391,8;503,21;398,96;-;506,5;506,5;498,9
05.09.2022;17:00;18:00;487,05;473,38;472,98;487,05;487,05;516,48;471,56;487,05;520,07;251,23;487,05;520,62;506,09;-;520,32;520,32;520,79
05.09.2022;18:00;19:00;564,27;540,5;555,4;559,79;559,79;571,1;559,79;549,9;569,27;330,59;549,9;570,98;568,99;-;571,1;571,1;572,37
05.09.2022;19:00;20:00;601,62;577,46;575,6;589;589;622,75;589;582,97;616,21;412,2;582,97;591,72;600,63;-;631;631;640,04
05.09.2022;20:00;21:00;523,03;515,92;501,51;506,82;506,82;575,66;506,82;506,82;563,91;400,38;506,82;570,37;529,17;-;575,66;575,66;586,48
05.09.2022;21:00;22:00;420,15;435,78;415,83;420,15;410,06;520,2;403,27;420,15;508,58;269,98;410,06;571,76;443,52;-;520,2;520,2;531,01
05.09.2022;22:00;23:00;309,49;370,35;323,58;309,49;268,44;493,7;399,9;331,28;497,88;238,23;268,44;540,43;402,51;-;493,7;493,7;493,23
05.09.2022;23:00;00:00;225,45;274,98;237,5;225,45;147,97;459,28;299,9;232,18;385,71;147,97;147,97;495,78;245,03;-;459,28;425,19;456,35
06.09.2022;00:00;01:00;273,51;285,42;387,36;273,51;55,74;522,18;273,51;281,68;385,12;136,79;55,74;479,98;288;-;522,18;423,88;431,41
06.09.2022;01:00;02:00;298,29;293,48;372,05;298,29;59,49;479,5;298,29;307,84;409,01;136,87;59,49;449,91;357,58;-;479,5;438,73;434,79
06.09.2022;02:00;03:00;275,68;279,65;334,57;275,68;59,67;461,15;285;284,5;411,05;136,93;59,67;428,8;339,15;-;461,15;440,61;416,22
06.09.2022;03:00;04:00;282,87;286,17;342,15;282,87;58,57;450,5;310,5;291,92;409,02;137,09;58,57;459,81;346,85;-;450,5;436,21;421,32
06.09.2022;04:00;05:00;286,75;272;286,8;286,75;74,69;348,95;286,75;295,92;385,24;140,08;74,69;450,27;361,88;-;446,77;420,1;420,1
06.09.2022;05:00;06:00;340,91;328,51;340,91;340,91;169,91;415,18;340,91;396,12;436,76;148,66;169,91;443,92;410,4;-;469,99;467;469,99
06.09.2022;06:00;07:00;513,03;472,3;513,03;509,8;425,01;551,4;509,8;465,62;541,51;221,35;425,01;497,52;535,26;-;551,4;551,4;556,74
06.09.2022;07:00;08:00;553,88;523,5;555,92;553,88;525,05;566,28;562,26;525,05;563,15;223,01;525,05;597,25;561,63;-;566,28;566,28;568,23
06.09.2022;08:00;09:00;561,75;531,7;561,68;561,75;549,98;571,14;561,75;544,33;569,83;201,73;548,26;611,46;566,79;-;571,14;571,14;571,9
06.09.2022;09:00;10:00;478,46;479,35;482,58;478,46;466,98;566,28;492,51;478,15;566,28;138,54;466,98;617,62;518,43;-;566,28;565,1;563,32
06.09.2022;10:00;11:00;431,07;445,19;434,13;431,07;431,07;539,95;448,9;444,86;539,95;105,82;431,07;611,62;478,66;-;539,95;535,52;532,86
06.09.2022;11:00;12:00;304,49;381,64;332,74;304,49;304,49;546,75;399,2;314,24;546,75;105,87;304,49;609,68;429,35;-;546,75;546,75;548,33
06.09.2022;12:00;13:00;255,17;340,74;345,4;255,17;255,17;531,86;256,07;263,33;539,96;105,85;255,17;568,07;372,09;-;531,86;531,86;523,75
06.09.2022;13:00;14:00;267,1;342,66;275,67;267,1;267,1;526,5;296,71;275,64;556,61;105,83;267,1;568,07;362,92;-;526,5;526,5;514,69
06.09.2022;14:00;15:00;279,92;351,89;307;279,92;274,92;476,12;333,6;288,87;540;105,85;274,92;584,73;404,81;-;532,52;527,63;530,01
06.09.2022;15:00;16:00;363,97;405;419,91;363,97;355,23;501,95;363,97;389,92;541,63;139,26;355,23;572,6;451,37;-;541,63;541,63;545,38
06.09.2022;16:00;17:00;443,33;448,2;443,33;434,52;416,16;505,09;434,52;475,9;539,97;191,46;416,16;576,37;496,67;-;554,84;554,84;551,33
06.09.2022;17:00;18:00;525,81;498,12;525,76;524;524;537,74;524;485,53;540,03;208,69;449,94;609,61;550,07;-;581,87;581,87;572,6
06.09.2022;18:00;19:00;564,44;537,5;568,13;564,44;564,44;575,8;567,26;529,93;559,99;263,81;529,93;608,72;580,04;-;700;620;597,59
06.09.2022;19:00;20:00;633,97;585,78;635,05;570,25;570,25;640,72;634,05;553,71;627,05;331,91;553,08;665,34;662,2;-;730;730;693,94
06.09.2022;20:00;21:00;594;559,67;594,08;561,5;561,5;597,03;593,43;545,22;603,12;331,18;539,93;620,3;609,12;-;700;626,96;621,56
06.09.2022;21:00;22:00;530,03;508,22;548,78;528,91;528,91;581,87;545,05;513,57;532,94;220,7;463,26;575,04;551,34;-;581,87;565,78;567,38
06.09.2022;22:00;23:00;484,81;459,99;480,56;470,01;470,01;546,19;470,01;469,81;530,05;203;338,81;559,93;521,47;-;546,19;546,19;555,62
06.09.2022;23:00;00:00;471,21;399,47;466,79;456,41;183,01;535,57;456,41;456,61;519,79;142,89;139,78;526,82;510,04;-;535,57;535,57;545,47
07.09.2022;00:00;01:00;415,26;353,81;415,26;415,26;219,97;415,26;415,26;426,32;415,26;104,13;199,92;450,04;415,26;-;449,62;415,26;415,26
07.09.2022;01:00;02:00;384,07;343,32;384,47;384,07;262,33;385,97;383,6;395,54;398,26;105,8;262,33;414,3;399,83;-;430,96;402,43;408,3
07.09.2022;02:00;03:00;367,45;343,57;368,59;367,45;367,45;372,85;366,06;378,42;408,35;106,49;219,05;411,51;413,06;-;429,48;420,1;437,61
07.09.2022;03:00;04:00;366,11;335,98;366,34;366,11;366,11;367,19;365,85;377,05;374,1;106,8;219,03;412,15;375,01;-;423,29;376,45;379,73
07.09.2022;04:00;05:00;387,67;355,9;388,13;387,67;387,67;389,85;387,13;399,24;403,97;108,27;250,01;407,07;405,89;-;420;408,77;415,47
07.09.2022;05:00;06:00;394,01;366,92;394,47;394,01;394,01;396,74;393,45;406,61;420,05;111,34;290;418,72;416,76;-;431,29;423,57;432,04
07.09.2022;06:00;07:00;484,68;457,03;484,68;484,68;484,68;484,68;484,68;472,08;484,68;181,98;472,08;508,41;484,68;-;484,68;484,68;484,68
07.09.2022;07:00;08:00;519,9;487,02;519,9;519,9;519,9;519,9;519,9;503,78;519,9;161,53;519,9;532,66;519,9;-;519,9;519,9;519,9
07.09.2022;08:00;09:00;524,77;490,81;524,77;524,77;524,77;524,77;524,77;508,02;524,77;144,69;524,77;548,05;524,77;-;524,77;524,77;524,77
07.09.2022;09:00;10:00;501,18;468,46;500,45;501,18;501,18;500,72;498,9;500,04;501,02;124,79;501,18;522,41;501,14;-;501,04;501,04;501,09
07.09.2022;10:00;11:00;469,94;428,02;436,31;469,94;469,94;450,65;381;469,94;471,64;105,37;469,94;505,15;478,38;-;465,1;464,63;492,03
07.09.2022;11:00;12:00;450,38;409,23;388,87;450,38;450,38;447,03;348,77;450,38;446,74;105,32;450,38;507,96;455,33;-;449,99;437,11;469,85
07.09.2022;12:00;13:00;392,98;376,6;311,01;392,98;392,98;450,22;350;405,55;450,22;105,32;392,98;462,56;428,83;-;450,22;451,49;451,48
07.09.2022;13:00;14:00;390,39;370;310;390,39;390,39;439,32;336;402,05;440,09;101,87;390,39;447,63;421,91;-;440,09;441,45;441,67
07.09.2022;14:00;15:00;396,65;376,89;323,5;396,65;396,65;446,76;357,38;409,34;444,45;105,36;396,65;443,1;425,94;-;446,76;437,39;456,46
07.09.2022;15:00;16:00;399,97;386,63;363,73;399,97;399,97;422,7;371,81;412,77;472,14;109,43;399,97;457,85;442,62;-;458,9;458,9;480,46
07.09.2022;16:00;17:00;445,33;426,21;439,2;445,33;434,64;450,76;442,25;471,92;466,91;156,12;434,64;486,5;460,04;-;466,91;466,91;475,21
07.09.2022;17:00;18:00;521,75;490,45;521,66;521,31;508,47;522,14;521,31;504,89;524,39;198,22;508,47;539,44;524,61;-;522,14;525,88;528,03
07.09.2022;18:00;19:00;576,75;524,56;566,26;548,66;528,37;570,53;548,66;526,33;574,96;230,91;528,37;570,63;576,46;-;575,25;575,25;576,03
07.09.2022;19:00;20:00;633,49;566,13;620,94;599,9;550,01;626,03;599,9;550,01;631,21;254,47;550,01;612,06;632,9;-;632;631,39;632,12
07.09.2022;20:00;21:00;599,98;540,8;599,98;558,94;501,8;599,98;599,98;529,93;599,98;256,46;501,8;599,95;599,98;-;600;599,98;599,98
07.09.2022;21:00;22:00;551,3;471,18;543,95;532,5;335,57;546,27;532,5;507,59;549,58;191;335,57;555,01;553,49;-;546,27;543,3;562,44
07.09.2022;22:00;23:00;486,44;418,12;486,35;486,4;250;486,22;486,4;489,76;486,38;165,39;250;525,52;486,94;-;486,22;484,99;488,87
07.09.2022;23:00;00:00;438,87;360,89;438,73;438,81;145,95;438,55;438,81;438,81;438,79;108,7;145,95;497,02;439,69;-;446,29;436,53;442,83
08.09.2022;00:00;01:00;442,12;346,55;441,78;441,95;92,85;441,37;441,95;441,95;441,97;116,7;92,85;414,63;444,08;-;478,3;436,67;451,38
08.09.2022;01:00;02:00;407,83;328,09;407,65;407,74;126,03;407,43;407,74;407,74;407,75;108,02;126,03;393,95;408,86;-;470,37;404,94;412,72
08.09.2022;02:00;03:00;400,35;321,38;400,23;400,29;120,06;400,07;400,29;400,29;400,24;114,6;120,06;377,97;401,07;-;461,81;398,29;403,39
08.09.2022;03:00;04:00;382,07;309,78;381,76;381,92;123,21;381,39;381,92;381,92;381,93;114,35;123,21;372,08;383,85;-;458,22;377,07;390,55
08.09.2022;04:00;05:00;379,29;319,77;379,18;379,23;190,56;379,05;379,23;379,23;379,24;112,47;190,56;368,85;379,88;-;461,81;377,61;382,13
08.09.2022;05:00;06:00;404,13;323,25;404,13;404,13;94,9;404,13;404,13;442,01;404,13;108,65;94,9;390,5;404,13;-;462,34;404,13;404,13
08.09.2022;06:00;07:00;500,91;433,37;500,55;500,75;332,1;500,55;500,75;462,87;500,91;180,4;332,1;453,77;502,35;-;500,91;497,44;507,76
08.09.2022;07:00;08:00;520;470,52;520;503,86;489,25;520;520;489,25;520;120,41;489,25;483,75;520;-;535,93;520;520
08.09.2022;08:00;09:00;524,06;481,71;524,06;522,98;507,81;524,06;524,06;507,81;524,06;148,23;507,81;483,84;524,06;-;691,14;524,06;524,06
08.09.2022;09:00;10:00;509,98;458,13;509,91;476,45;476,45;509,8;509,96;476,45;509,91;114,6;476,45;469,01;510,47;-;630;508,64;512,27
08.09.2022;10:00;11:00;483,69;431;483,44;468,7;420,89;483,12;483,59;468,7;483,49;101,86;420,89;441,06;485,24;-;500,91;479,47;490,92
08.09.2022;11:00;12:00;455,56;396,47;455,42;441,44;300,08;460,75;453,13;441,44;490;99,74;300,08;429,46;489,58;-;500,91;501,52;534,33
08.09.2022;12:00;13:00;432,9;380,8;429,66;429;287,3;440,07;429;429;466,39;105,68;287,3;420,44;465,01;-;477,43;477,43;505,28
08.09.2022;13:00;14:00;399,93;355,47;399,88;397,87;266,94;404,62;397,87;409,75;429,97;105,39;266,94;402,12;428,78;-;471,24;440,96;463,72
08.09.2022;14:00;15:00;392,84;332,66;390,32;388,3;148,32;403,22;388,3;399,9;448,17;102;148,32;396,99;445,4;-;477,12;468,64;509,09
08.09.2022;15:00;16:00;394,96;349;394,89;393,01;248,34;400,1;393,01;404,75;428,93;105,46;248,34;395,6;426,57;-;480,48;440,35;467,62
08.09.2022;16:00;17:00;403,04;359,37;396,22;398;289,33;411,29;398;415,93;429,94;101,4;289,33;394,95;428,65;-;487,12;436,57;464,66
08.09.2022;17:00;18:00;450,15;412,97;450,15;450;439,34;450,68;450;455,16;452,45;106,89;439,34;396,35;452,27;-;499,63;453,56;454,73
08.09.2022;18:00;19:00;504,91;450,94;504,91;470,3;470,3;504,91;504,91;470,3;504,91;109,79;470,3;444,76;504,91;-;513,64;504,91;504,91
08.09.2022;19:00;20:00;525,82;474,16;537,81;481,48;479,97;558,16;535,44;481,48;509,97;123,92;479,97;492,55;535;-;558,16;558,16;559,48
08.09.2022;20:00;21:00;510,24;459,01;479,18;487,29;460,96;535,93;495,72;487,29;512,82;133,69;460,96;483,06;512,19;-;535,93;515,75;513,9
08.09.2022;21:00;22:00;479,91;414,76;455,85;467,29;334,93;497;467,29;453,07;499,63;109,5;334,93;441,45;501,38;-;499,63;495,67;536,25
08.09.2022;22:00;23:00;394,55;326,58;363,83;380,64;86,86;429,88;380,64;394,28;509,9;106,34;86,86;405,93;447,24;-;486,4;486,4;532,02
08.09.2022;23:00;00:00;345,17;276,14;227,2;299,62;73,89;433,49;283,45;334,47;427,83;85,81;73,89;380,49;417,43;-;477,1;446,67;508,61
09.09.2022;00:00;01:00;300,01;246,58;300,01;300,01;79,87;300,01;300,01;308,97;300,01;104,54;79,87;339,07;300,01;-;412;300,01;300,01
09.09.2022;01:00;02:00;238,2;207,06;238,2;238,2;77,96;238,2;238,2;245,31;238,2;116,38;77,96;330,84;238,2;-;409;238,2;238,2
09.09.2022;02:00;03:00;205,01;190,8;205,47;205,01;85,73;208;203,91;211,14;229,74;112,05;79,97;328,49;229,24;-;400;234,9;242,08
09.09.2022;03:00;04:00;192,6;191,58;193,03;192,6;192,6;195,43;191,67;198,76;215,75;105,69;78,4;327,66;215,74;-;393,59;220,57;227,28
09.09.2022;04:00;05:00;226,87;211,42;226,87;226,87;226,87;226,87;226,87;234,13;226,87;101,7;77,79;323,89;226,87;-;404,96;226,87;226,87
09.09.2022;05:00;06:00;278,7;250,68;278,7;278,7;278,7;278,7;278,7;287,62;278,7;101,72;85,52;331,69;278,7;-;409,8;278,7;278,7
09.09.2022;06:00;07:00;375,58;334,02;368,62;375,58;375,58;375,58;362,3;369,96;414,4;136,75;100,09;387,99;407,35;-;439,56;439,43;439,43
09.09.2022;07:00;08:00;431;400,46;431,22;431;431;433,85;429,59;417,64;440,92;138,16;379,41;422,26;450;-;486,66;486,66;473,3
09.09.2022;08:00;09:00;431,46;402,92;432,55;431,46;431,46;436,1;431,46;418,08;444,36;136,84;392,1;422,14;455,53;-;538;495,1;491,22
09.09.2022;09:00;10:00;401,74;374,37;401,91;401,74;401,74;403,03;401,56;403,15;407,38;121,96;366,97;399,91;408,75;-;483,06;417,64;417,64
09.09.2022;10:00;11:00;353,07;333,95;353,09;353,07;353,07;353,27;353;375,24;358,93;103,11;344,6;367,28;358,75;-;441,88;357,88;366,94
09.09.2022;11:00;12:00;329,86;313,84;330,12;329,86;329,86;330,59;330;340,42;350,17;101,04;321,95;341,7;346,53;-;430,56;347,59;366,84
09.09.2022;12:00;13:00;339,76;320,95;341,04;339,76;339,76;343,32;339,76;350,63;375,82;100,26;296,52;330,01;373,54;-;402,62;402,62;414,81
09.09.2022;13:00;14:00;292,47;286,77;295,04;292,47;292,47;297,85;294,17;301,83;333,1;100,39;279,06;334,89;333,25;-;396,26;396,26;381,98
09.09.2022;14:00;15:00;293,88;283,87;295,89;293,88;293,88;298,8;294,65;303,28;332,09;102,98;250,27;325,16;331,65;-;407,3;379,18;377,74
09.09.2022;15:00;16:00;291,02;291,1;292,97;291,02;291,02;297,56;291,61;300,33;354,95;119,11;258,29;355,84;349,38;-;420,29;420,29;420,29
09.09.2022;16:00;17:00;364,23;346,5;364,9;364,23;364,23;369,07;363,64;375,89;419,71;155,32;262,78;362,19;409,49;-;436,04;436,04;466,05
09.09.2022;17:00;18:00;390;369,77;390,1;390;390;392,28;389,08;402,38;419,99;178,83;315,46;389,7;409,65;-;440,14;440,14;472,61
09.09.2022;18:00;19:00;435,31;412,16;435,31;435,31;435,31;435,31;435,62;421,82;435,31;210,16;419,93;423,23;446,4;-;486,66;486,66;462,2
09.09.2022;19:00;20:00;467,35;444,22;467,3;467,35;467,35;467,95;467,35;452,86;467,35;254,42;449,94;443,97;480,55;-;551;551;511,55
09.09.2022;20:00;21:00;465;435,71;465;465;465;465;465;450,58;465;245,05;388,94;453,21;465;-;539,99;465;465
09.09.2022;21:00;22:00;419,95;386,3;419,95;419,95;419,95;419,95;419,95;406,93;419,95;174,6;300,01;428,06;419,95;-;489,81;419,95;419,95
09.09.2022;22:00;23:00;398,29;355,22;398,29;398,29;398,29;398,29;398,29;387,12;398,29;174,35;161,26;396,68;398,29;-;442,61;398,29;398,29
09.09.2022;23:00;00:00;375,44;328,89;375,44;375,44;375,44;375,44;375,44;387,45;375,44;144,94;82,09;375,27;375,44;-;433,5;375,44;375,44
10.09.2022;00:00;01:00;400,85;348,49;400,85;400,85;400,85;400,85;400,85;400,85;400,85;176,6;91,06;358,94;400,85;-;426,44;400,85;400,85
10.09.2022;01:00;02:00;359,09;315,48;359,09;359,09;359,09;359,09;359,09;370,58;359,09;166,93;90,28;328,85;359,09;-;425,2;359,09;359,09
10.09.2022;02:00;03:00;352,09;308,53;352,09;352,09;352,09;352,09;352,09;362,6;352,09;155,09;91,18;320,31;352,09;-;410,13;352,09;352,09
10.09.2022;03:00;04:00;348,07;304,29;348,07;348,07;348,07;348,07;348,07;358,47;348,07;159,31;93,24;299,64;348,07;-;410,13;348,07;348,07
10.09.2022;04:00;05:00;348,09;305,73;348,09;348,09;348,09;348,09;348,09;358,49;348,09;170,27;95,06;302,54;348,09;-;410,13;348,09;348,09
10.09.2022;05:00;06:00;356,04;313,38;356,04;356,04;356,04;356,04;356,04;367,43;356,04;166,93;98,75;321,84;356,04;-;412,94;356,04;356,04
10.09.2022;06:00;07:00;381,3;329,84;381,3;381,3;381,3;381,3;381,3;393,5;381,3;138,25;85,32;342,03;381,3;-;425,75;381,3;381,3
10.09.2022;07:00;08:00;411,07;358,01;411,07;411,07;411,07;411,07;411,07;406,45;411,07;172,13;100,84;381,23;411,07;-;438,23;411,07;411,07
10.09.2022;08:00;09:00;427,72;380,86;427,72;427,72;427,72;427,72;427,72;423,58;427,72;174,08;190,84;406,93;427,72;-;427,72;427,72;427,72
10.09.2022;09:00;10:00;429,18;387,49;429,18;429,18;429,18;429,18;429,18;421,73;429,18;188,34;240;408,11;429,18;-;429,18;429,18;429,18
10.09.2022;10:00;11:00;419,9;382,23;419,9;419,9;419,9;419,9;419,9;442,65;419,9;175,87;259,55;387,16;419,9;-;419,9;419,9;419,9
10.09.2022;11:00;12:00;418,36;379,78;418,36;418,36;418,36;418,36;418,36;431,75;418,36;186,66;271,68;358,98;418,36;-;418,36;418,36;418,36
10.09.2022;12:00;13:00;399,98;365,31;399,98;399,98;399,98;399,98;399,98;412,77;399,98;183,9;279,92;341,91;399,98;-;399,98;399,98;399,98
10.09.2022;13:00;14:00;355;330,79;355;355;355;355;355;366,36;355;173,86;279,97;333,5;355;-;355;355;355
10.09.2022;14:00;15:00;348,99;322,85;348,99;348,99;348,99;348,99;348,99;360,15;348,99;158,13;279,97;310,17;348,99;-;348,99;348,99;348,99
10.09.2022;15:00;16:00;353,39;329,2;353,39;353,39;353,39;353,39;353,39;364,7;353,39;162,64;299,44;320,72;353,39;-;353,39;353,39;353,39
10.09.2022;16:00;17:00;371,98;347,39;371,98;371,98;371,98;371,98;371,98;394,96;371,98;183,42;290,01;349,02;371,98;-;371,98;371,98;371,98
10.09.2022;17:00;18:00;436,24;402,5;436,24;436,24;436,24;436,24;436,24;458,22;436,24;188,85;336,8;389,93;436,24;-;436,24;436,24;436,24
10.09.2022;18:00;19:00;469,52;432,37;469,52;469,52;469,52;469,52;469,52;442,11;469,52;245,31;349,96;432,01;469,52;-;469,52;469,52;469,52
10.09.2022;19:00;20:00;491,86;453,46;491,86;491,86;491,86;491,86;491,86;479,93;491,86;260,2;349,94;454,95;491,86;-;520;491,86;491,86
10.09.2022;20:00;21:00;483,98;450,99;483,98;483,98;483,98;483,98;483,98;479,82;483,98;273,36;359,14;460,74;483,98;-;520;483,98;483,98
10.09.2022;21:00;22:00;459,95;425,44;459,95;459,95;459,95;459,95;459,95;454,01;459,95;238,55;332,77;434,83;459,95;-;488,45;459,95;459,95
10.09.2022;22:00;23:00;443,97;403,9;443,97;443,97;443,97;443,97;443,97;449,92;443,97;184,03;284,81;416,37;443,97;-;454,17;443,97;443,97
10.09.2022;23:00;00:00;437,01;385,45;437,01;437,01;437,01;437,01;437,01;448,8;437,01;125,84;205;401,21;437,01;-;438,23;437,01;437,01
11.09.2022;00:00;01:00;421,45;399,74;421,45;421,45;421,45;421,45;421,45;434,93;421,45;198,37;411,33;402,37;421,45;-;428,23;421,45;421,45
11.09.2022;01:00;02:00;385,07;353,14;385,07;385,07;385,07;385,07;385,07;397,39;385,07;172,56;260,52;358,55;385,07;-;422,7;385,07;385,07
11.09.2022;02:00;03:00;385,06;350,7;385,06;385,06;385,06;385,06;385,06;397,38;385,06;165,9;250,94;348,06;385,06;-;402,13;385,06;385,06
11.09.2022;03:00;04:00;369,22;335,79;369,22;369,22;369,22;369,22;369,22;381,03;369,22;149,36;245,14;333,59;369,22;-;402,13;369,22;369,22
11.09.2022;04:00;05:00;358,54;329,27;358,54;358,54;358,54;358,54;358,54;370,01;358,54;171,95;237,15;333,03;358,54;-;402,13;358,54;358,54
11.09.2022;05:00;06:00;369,02;334,21;369,02;369,02;369,02;369,02;369,02;380,83;369,02;139,11;237,64;335,62;369,02;-;402,13;369,02;369,02
11.09.2022;06:00;07:00;379,02;353,95;379,02;379,02;379,02;379,02;379,02;390,34;379,02;118,8;369,93;361,23;379,02;-;403,06;379,02;379,02
11.09.2022;07:00;08:00;385,01;360,39;385,01;385,01;385,01;385,01;385,01;396,5;385,01;127,08;375,76;369,9;385,01;-;402,13;385,01;385,01
11.09.2022;08:00;09:00;402,13;376,09;402,13;402,13;402,13;402,13;402,13;414,14;402,13;141,92;392,48;373,59;402,13;-;402,13;402,13;402,13
11.09.2022;09:00;10:00;402,13;375,68;402,13;402,13;402,13;402,13;402,13;414,99;402,13;148,86;392,48;361,22;402,13;-;402,13;402,13;402,13
11.09.2022;10:00;11:00;388,5;365,95;388,5;388,5;388,5;388,5;388,5;400,93;388,5;170,71;379,18;355,1;388,5;-;388,5;388,5;388,5
11.09.2022;11:00;12:00;380,04;355,34;380,04;380,04;380,04;380,04;380,04;392,2;380,04;145,6;370,92;339,78;380,04;-;380,04;380,04;380,04
11.09.2022;12:00;13:00;360;338,4;360;360;360;360;360;371,52;360;139,11;351,36;340,37;360;-;360;360;360
11.09.2022;13:00;14:00;295;282,21;295;295;295;295;295;345,11;295;115,95;287,92;290,36;295;-;295;295;295
11.09.2022;14:00;15:00;251,8;243,49;251,8;251,8;251,8;251,8;251,8;284,56;251,8;109,36;251,8;270,04;251,8;-;251,8;251,8;251,8
11.09.2022;15:00;16:00;297;278,08;297;297;297;297;297;306,5;297;109,48;289,87;274,03;297;-;297;297;297
11.09.2022;16:00;17:00;343,1;319,06;343,1;343,1;343,1;343,1;343,1;376,61;343,1;122,15;334,86;274,38;343,1;-;343,1;343,1;343,1
11.09.2022;17:00;18:00;404,32;376,55;404,32;404,32;404,32;404,32;404,32;426,37;404,32;111;404,32;370,13;404,32;-;404,32;404,32;404,32
11.09.2022;18:00;19:00;459,99;429,95;459,99;459,99;459,99;459,99;459,99;465,59;459,99;149,66;459,99;434,27;459,99;-;459,99;459,99;459,99
11.09.2022;19:00;20:00;505,94;473,61;505,94;505,94;505,94;505,94;505,94;493,8;505,94;197,37;493,8;483,18;505,94;-;520;505,94;505,94
11.09.2022;20:00;21:00;517,2;484,37;517,2;517,2;517,2;517,2;517,2;504,97;517,2;212,06;504,97;485,69;517,2;-;540,26;517,2;517,2
11.09.2022;21:00;22:00;484,94;456,6;484,94;484,94;484,94;484,94;484,94;484,94;484,94;199,52;473,3;470,28;484,94;-;494,22;484,94;484,94
11.09.2022;22:00;23:00;451,26;415,71;430,19;451,26;451,26;437,99;399,9;451,26;451,26;172,16;440,43;434,2;452,86;-;475;452,22;454,97
11.09.2022;23:00;00:00;400;377,87;400;400;400;400;400;404,03;400;145,6;390,4;416,54;400;-;446,77;400;400
12.09.2022;00:00;01:00;347,09;329,34;347,09;347,09;347,09;347,09;347,09;357,46;347,09;104,52;338,76;392,4;347,09;-;440,29;347,09;347,09
12.09.2022;01:00;02:00;355,48;327,2;354,88;355,48;355,48;353,96;355,31;366,1;345,75;107,05;300;359,83;345,33;-;420,5;342,15;337,3
12.09.2022;02:00;03:00;355;325,13;354,4;355;355;353,49;354,81;365,6;345,31;107,36;299,98;340,53;344,92;-;412,78;341,73;336,94
12.09.2022;03:00;04:00;349,9;327,08;349,9;349,9;349,9;349,9;349,9;360,35;349,9;105,8;341,5;340,88;349,9;-;390;349,9;349,9
12.09.2022;04:00;05:00;353,39;328,42;353,39;353,39;353,39;353,39;353,39;363,94;353,39;93,35;344,91;336,69;353,39;-;386,85;353,39;353,39
12.09.2022;05:00;06:00;389,05;361,41;389,05;389,05;389,05;389,05;389,05;401,49;389,05;100,17;379,71;370,76;389,05;-;399,37;389,05;389,05
12.09.2022;06:00;07:00;466,11;429,67;454,66;466,11;466,11;458,88;441,87;454,92;463,81;158,44;454,92;440,95;465,72;-;458,88;464,06;464,99
12.09.2022;07:00;08:00;502,68;469,61;501,43;502,68;502,68;501,88;499,9;487,09;502,42;172,92;487,09;504,97;502,65;-;502,45;502,45;502,56
12.09.2022;08:00;09:00;502,29;462,84;478,97;502,29;502,29;487,58;453,2;490,23;496,51;173,97;490,23;514,92;501,09;-;500,1;500,1;499,89
12.09.2022;09:00;10:00;458,97;430,82;454,45;458,97;458,97;455,93;436,4;458,97;469,48;148,51;458,97;471,63;466,69;-;470,76;470;471,35
12.09.2022;10:00;11:00;405,02;382,38;404,28;405,02;405,02;405,02;400;417,98;407,74;119,1;405,02;429,76;407,24;-;442,33;408,7;408,67
12.09.2022;11:00;12:00;359,35;356,77;376,72;359,35;359,35;411,57;357,1;370,84;398,93;111,95;359,35;411,85;407,45;-;440,29;440,29;439,96
12.09.2022;12:00;13:00;351,33;345,28;360,81;351,33;351,33;383,34;343,42;362,57;380,94;111,41;351,33;405,08;396,55;-;424,8;426,47;427,22
12.09.2022;13:00;14:00;329,91;332,56;345,77;329,91;329,91;377,37;329,91;339,76;383,74;112,16;329,91;395,36;384,34;-;419,01;421,84;421,84
12.09.2022;14:00;15:00;336,94;332,19;337,33;336,94;336,94;370,08;306;347,72;378,9;116,85;328,86;393,43;401;-;431,28;431,28;431,28
12.09.2022;15:00;16:00;344,22;345,64;350,01;344,22;344,22;394,55;343,61;355,24;405,42;129,36;335,96;400,22;399,2;-;440,29;440,29;440,29
12.09.2022;16:00;17:00;385,97;377,88;385,97;385,97;385,97;403,27;370,43;407,63;426,08;172,63;376,71;415,93;426,08;-;444,73;444,73;447,1
12.09.2022;17:00;18:00;471,71;441,47;471,71;471,71;471,71;471,71;471,71;457,98;471,71;177,05;457,98;461,22;471,71;-;471,71;471,71;471,71
12.09.2022;18:00;19:00;515;481,15;515;515;515;515;515;490,72;515;202,46;490,72;503,73;515;-;515;515;515
12.09.2022;19:00;20:00;540,64;502,95;532,55;510,82;540,64;540,64;504,72;496;540,64;238;496;540,58;591,87;-;560;727,49;682,79
12.09.2022;20:00;21:00;515,64;489,05;515,77;515,26;515,64;516,14;515,26;487,25;515,64;288,83;464,73;525,76;519,26;-;530,37;530,37;524,37
12.09.2022;21:00;22:00;443,31;404,48;443,31;443,31;443,31;444,39;443,31;449,92;451,05;200,91;219,44;458,91;451,37;-;463,2;463,2;463,2
12.09.2022;22:00;23:00;369;336,54;369;369;369;369,69;369;375,46;375,07;226,21;88,37;419,78;371,35;-;439,49;376,68;376,68
12.09.2022;23:00;00:00;344,74;310,94;343,2;341,96;341,96;351,25;341,96;341,96;362,07;172,85;69,99;391,03;362,07;-;433,1;370,38;370,38
13.09.2022;00:00;01:00;345,06;284,46;345,06;226,89;226,89;345,06;345,06;350,17;345,06;187,31;48,74;363,76;345,06;-;405,59;345,06;345,06
13.09.2022;01:00;02:00;294,93;277,15;314,47;294,93;294,93;314,47;317,43;303,74;326,02;171,01;36,73;348,91;326,02;-;393,28;332;339,62
13.09.2022;02:00;03:00;282,3;266,77;306;282,3;226,92;320,49;306;290,74;326,94;162,73;29,94;336,37;345,99;-;382,36;354,2;370,33
13.09.2022;03:00;04:00;295,04;263,82;305,85;295,04;226,92;313,38;308,4;303,86;325,49;138,2;27,99;331,4;325,49;-;363,27;332,65;339,68
13.09.2022;04:00;05:00;302,86;274,88;311,56;302,86;266,98;325,64;313,1;311,91;345,06;137,49;28,56;335,2;345,31;-;367,27;357,11;364,09
13.09.2022;05:00;06:00;338,74;285,15;337,36;300,82;226,95;342,07;334,68;309,8;357,5;153,51;44,95;359,74;369,31;-;384;380,01;382,03
13.09.2022;06:00;07:00;421,1;364,57;423,23;395,97;395,97;429,24;412,73;395,97;429,98;204,74;65,7;425,18;431,57;-;432,48;432,78;435,6
13.09.2022;07:00;08:00;447,28;400,13;455,8;445,48;445,48;481,13;445,48;445,48;466,26;205,32;74,94;440,02;496,05;-;502;502;515,21
13.09.2022;08:00;09:00;461,19;413,75;481,34;461,19;461,19;501,54;469,55;455,95;472,65;190,84;84;447,43;525,53;-;560;560;552,76
13.09.2022;09:00;10:00;449,78;392,89;463,27;443,63;443,63;471,42;455,05;446,43;444,94;162,73;82,48;439,94;468,29;-;471,42;471,42;475,5
13.09.2022;10:00;11:00;422,29;372,63;436,78;422,29;422,29;447,31;431,88;435,8;419,97;120,54;90;437,06;435,02;-;447,31;440,74;440,56
13.09.2022;11:00;12:00;429,55;373,66;430,36;428,86;428,86;429,93;428,86;443,3;429,65;128,79;95,05;436,88;429,69;-;429,93;429,36;430,19
13.09.2022;12:00;13:00;335,95;339,25;394,57;335,95;335,95;508,33;348,16;346,7;443,93;127,48;90,64;439,96;360,1;-;424,23;466,66;421,78
13.09.2022;13:00;14:00;325,35;324,56;364,93;325,35;325,35;441,98;332,55;335,76;428,18;130,23;86,99;440,09;358,75;-;428,18;439,09;411,3
13.09.2022;14:00;15:00;331,05;329,07;362,56;322,98;322,98;444,23;335,4;341,64;444,23;148,62;79,67;445,07;372,34;-;444,23;450,47;426,51
13.09.2022;15:00;16:00;344,96;341,35;389,36;334,94;334,94;454,39;349,3;356;454,91;138,37;79,69;450,13;412,8;-;454,39;454,39;455,36
13.09.2022;16:00;17:00;364,53;361,5;420;358,54;358,54;493,07;358,54;373,59;474,95;166,47;71,54;443,98;457,28;-;493,07;493,07;505,9
13.09.2022;17:00;18:00;450,11;398,1;512,05;362,75;362,75;570,32;488,8;415,79;445,73;162,73;69,06;443,97;545,14;-;570,32;570,32;585,14
13.09.2022;18:00;19:00;503,46;427,12;515,08;482,74;482,74;526,5;510,67;450,61;494,93;175,76;69,46;470,06;519,79;-;526,5;523,17;525,19
13.09.2022;19:00;20:00;520,95;456,37;564,8;470,13;470,13;613;548,03;470,13;490;192,47;119,91;493,31;588,12;-;613;598,14;608,48
13.09.2022;20:00;21:00;521,15;437,54;546,51;467,11;467,11;569,81;535,28;467,11;489,96;195,48;67,45;485,98;521,15;-;569,81;530,38;523,71
13.09.2022;21:00;22:00;459,13;388,16;459,13;426,64;426,64;459,13;459,13;426,64;459,13;171,04;64,83;458,33;459,13;-;459,13;459,13;459,13
13.09.2022;22:00;23:00;425,21;359,52;429,99;378,62;378,62;437,97;422,42;389,92;435,01;159,25;48,23;439,98;434,66;-;437,97;437,97;439,49
13.09.2022;23:00;00:00;344,91;314,55;387,53;324,53;324,53;420,71;371,36;334,22;357,77;125,89;28,75;387,34;397,46;-;420,71;411,61;415
14.09.2022;00:00;01:00;345,08;293,89;345,08;345,08;282,1;345,08;345,08;355,38;345,08;106,52;33,28;385,06;345,08;-;402,27;345,08;345,08
14.09.2022;01:00;02:00;329,47;279,9;329,47;319,26;226,95;352,87;319,98;319,26;351,01;105,49;30;368,37;356,29;-;381;366,48;368,98
14.09.2022;02:00;03:00;339,9;280,83;339,9;329,37;226,93;343,78;338,87;329,37;345,09;105,33;29,15;356,92;344,47;-;365,05;346,97;346,5
14.09.2022;03:00;04:00;335,64;275,59;335,64;325,23;226,94;335,64;335,64;325,23;335,64;109,55;28,49;337,88;335,64;-;356,96;335,64;335,64
14.09.2022;04:00;05:00;343,29;282,5;338,66;336,69;226,97;351,31;336,69;336,69;351,09;104,18;34,66;342,84;347,77;-;360,96;353,88;351,09
14.09.2022;05:00;06:00;377,77;308,04;364,48;338,76;338,76;370,2;338,76;363,5;375,41;105,12;50,01;366,2;377,21;-;385,53;375,51;376,54
14.09.2022;06:00;07:00;468,6;371,32;435,08;400;400;449,07;400;413,38;461,8;148,93;71,52;439,96;464,8;-;449,07;461,72;463,49
14.09.2022;07:00;08:00;506,06;436,5;503,84;498,19;498,19;505;498,19;460,07;505,69;145,52;183,07;498;505,72;-;505;505,64;505,68
14.09.2022;08:00;09:00;571,51;475,95;544,57;507,6;507,6;554,44;507,6;478,44;564,92;144,53;329,91;528,19;567,62;-;564,9;564,9;566,46
14.09.2022;09:00;10:00;545,08;451,98;545,08;500,66;500,66;554,38;500,66;486,14;521,38;123,44;188,05;511,36;540;-;554,38;541,86;539,17
14.09.2022;10:00;11:00;505,76;430,32;503,7;492,32;492,32;505,76;492,32;478,05;500,14;103,38;154,09;505,88;505,54;-;505,76;503,71;507,26
14.09.2022;11:00;12:00;503,5;425,4;501,62;492,4;492,4;505,51;492,4;475,52;494,93;106,45;119,92;495,4;502,87;-;505,51;500,76;505,32
14.09.2022;12:00;13:00;485,02;402,4;478,23;457,8;457,8;481,73;457,8;460,4;479,93;106,45;92,31;469,11;484,83;-;481,73;481,73;487,12
14.09.2022;13:00;14:00;454,41;390,42;454,35;454,37;454,37;454,24;454,37;449,91;454,38;106,46;90,03;467,2;454,9;-;454,24;452,8;457,39
14.09.2022;14:00;15:00;435,15;367,15;340,73;417,2;417,2;501,68;379,21;421,66;450,17;108,28;90,09;469,37;443,03;-;501,68;450,31;448,75
14.09.2022;15:00;16:00;448,28;382,1;375,17;439,96;439,96;500,04;406,04;439,96;459,91;128,08;87,44;472,42;454,08;-;500,04;461,03;456,97
14.09.2022;16:00;17:00;485,94;386,3;430,87;446,78;446,78;469,31;352,6;446,78;479,95;133,64;85,37;471,53;485,67;-;481,08;481,08;483,88
14.09.2022;17:00;18:00;502,08;415,15;490,01;461,44;461,44;505;428,4;461,44;501,41;175,49;84,23;495,15;502,66;-;505;505;503,22
14.09.2022;18:00;19:00;550,97;440,79;530,89;466,4;466,4;536,61;449,98;466,4;546,44;190,59;113,17;531,16;550,64;-;536,61;547,03;549,2
14.09.2022;19:00;20:00;630,25;483,66;621,62;488,06;488,06;625,28;488,06;473,91;628,63;208,87;117,78;550,03;630;-;628,63;628,81;629,51
14.09.2022;20:00;21:00;540,31;446,82;538,08;487,82;487,82;539,8;487,82;473,67;537,89;208,4;76,28;537,44;540;-;539,8;539,8;539,78
14.09.2022;21:00;22:00;460,34;399,01;460,34;460,34;460,34;460,34;460,34;460,34;460,34;181,24;65,06;460,08;460,34;-;460,34;460,34;460,34
14.09.2022;22:00;23:00;421,71;364,39;420,69;421,71;421,71;421,59;400,1;419,54;421,54;178,8;53,07;427,85;421,67;-;421,59;421,59;421,64
14.09.2022;23:00;00:00;353,41;311,32;356,17;353,41;353,41;404,37;344,4;355,58;358,46;134,06;34,16;380,99;349,5;-;404,37;362;354,7
15.09.2022;00:00;01:00;391,63;336,73;391,63;391,63;391,63;391,63;391,63;402,61;391,63;173,78;15,03;371,17;391,63;-;419,84;391,63;391,63
15.09.2022;01:00;02:00;338,77;296,7;338,77;338,77;338,77;338,77;338,77;349,61;338,77;176,62;14,69;351,4;338,77;-;384;338,77;338,77
15.09.2022;02:00;03:00;317,25;280,52;317,25;317,25;317,25;317,25;317,25;326,72;317,25;169,22;14,44;354,59;317,25;-;344,12;317,25;317,25
15.09.2022;03:00;04:00;301,87;268,61;301,87;301,87;301,87;301,87;301,87;311,52;301,87;169,22;14,51;346,36;301,87;-;324,92;301,87;301,87
15.09.2022;04:00;05:00;271,99;254,88;278,13;271,99;271,99;318,52;271,99;280,69;299,21;158,63;15,02;351,23;286,26;-;340;313,55;297,23
15.09.2022;05:00;06:00;322,58;299,65;330,55;320,84;320,84;366,51;320,84;377,28;361,59;158,63;27,33;364,18;347,57;-;375,8;375,8;362,75
15.09.2022;06:00;07:00;450;389,06;450;450;450;450;450;392,37;450;221,37;51,75;464,18;450;-;450;450;450
15.09.2022;07:00;08:00;465,56;410,58;470,35;438,52;438,52;479,4;463,85;425,8;474,14;213,56;149,97;493,84;468,47;-;479,4;474,82;473,86
15.09.2022;08:00;09:00;500,1;423,04;500,1;427,38;427,38;500,1;500,1;427,38;500,1;176,83;190,96;503,05;500,1;-;500,1;500,1;500,1
15.09.2022;09:00;10:00;470,74;410,9;474,62;440,09;440,09;478,43;470,77;428,82;473,52;166,47;177,98;499,61;469,47;-;478,43;472,84;471,05
15.09.2022;10:00;11:00;420,61;384,29;463,8;398,48;398,48;489,72;398,48;407,65;425,26;123,41;199,76;496,86;425,26;-;489,72;435,85;428,79
15.09.2022;11:00;12:00;375,02;368,27;436,48;375,02;375,02;493,55;375,02;384,62;398,13;123,14;203,04;500,26;386,72;-;493,55;402,99;396,1
15.09.2022;12:00;13:00;330,87;335,51;369,29;316,09;316,09;483,59;316,09;341,46;399,74;122,96;193,65;493,54;338,07;-;457,37;392,92;380,02
15.09.2022;13:00;14:00;302,5;321,04;398,68;300,17;300,17;467,95;300,17;312,18;375,99;122,91;178,09;484,34;290,84;-;460;361,27;337,25
15.09.2022;14:00;15:00;297,03;323,25;369,29;296,09;296,09;465,05;296,09;306,53;399,98;123,29;169,61;495,88;337,82;-;465,05;391,36;405,09
15.09.2022;15:00;16:00;260,82;308,76;369,29;260,82;260,82;465,05;260,82;269,16;409,94;122,16;151,12;492,36;334,82;-;465,05;402,3;409,94
15.09.2022;16:00;17:00;274,7;309,5;350;274,7;274,7;477,55;274,7;299,65;412,18;124,17;86,76;483,53;346,52;-;477,55;422,28;417,52
15.09.2022;17:00;18:00;366,08;354,97;330,21;366,08;366,08;481,59;366,08;361,15;407,91;146,88;175,8;494,93;407,91;-;481,59;425,4;425,4
15.09.2022;18:00;19:00;457,8;397,45;457,8;411,6;411,6;457,8;457,8;410,74;457,8;175,7;194,42;478,86;457,8;-;509,5;457,8;457,8
15.09.2022;19:00;20:00;464,19;410,84;481,83;418,54;418,54;495,66;474,3;418,54;460,9;181,69;199,9;478,68;490,65;-;550;494,9;500,09
15.09.2022;20:00;21:00;460,33;403,4;465,9;423,94;423,94;475,05;464,9;423,94;450,1;176,66;196,72;476,24;460,03;-;522,87;462,48;460,39
15.09.2022;21:00;22:00;405,79;369,2;426,75;393,21;393,21;461,17;421;393,21;394,7;154,42;138,38;464,26;420,89;-;461,17;433,1;428,67
15.09.2022;22:00;23:00;364,46;328,5;369,3;351,84;351,84;439,9;351,84;353,16;374,11;143,2;55,59;465,03;357,71;-;439,9;377,18;365,99
15.09.2022;23:00;00:00;254,09;268,95;361,24;254,09;254,09;381,21;352,3;262,22;270,01;137,77;35,45;447,59;202,51;-;439,9;260,04;229,45
16.09.2022;00:00;01:00;182,6;239,59;330,89;182,6;182,6;434,05;279,99;188,44;301,38;80,7;33,99;380,96;239,93;-;459,35;313,75;273,23
16.09.2022;01:00;02:00;163,73;213,36;283,72;163,73;163,73;448,3;203,8;168,96;258,07;80,8;31,18;380,03;164,62;-;448,3;289,4;214,06
16.09.2022;02:00;03:00;140,92;203,85;258,41;140,92;140,92;417,76;180,66;225,74;234,57;93,35;29,21;378,95;141,81;-;417,76;265,03;189,73
16.09.2022;03:00;04:00;138,26;188,03;232,63;138,26;138,26;361,03;171,16;180,04;224,75;103,16;29,15;348,06;141,81;-;417,4;241,12;180,75
16.09.2022;04:00;05:00;142,59;186,26;234,74;142,59;142,59;360,41;176,25;147,15;224,03;98,64;33,53;343,65;145,28;-;415;242,18;183,2
16.09.2022;05:00;06:00;211,52;217,49;235;211,52;211,52;271,1;215,9;218,28;287,54;85,99;38,86;355,44;261,22;-;450,53;287,47;287,47
16.09.2022;06:00;07:00;354,1;315,86;354,1;354,1;354,1;362,72;349,72;365,43;399,98;107,55;51,47;420,29;355;-;510,26;405,18;406,01
16.09.2022;07:00;08:00;421,07;390,78;453,63;421,07;421,07;478,98;416,31;419,91;467,77;98,25;188,73;483,64;449,24;-;501,89;472,05;472,45
16.09.2022;08:00;09:00;446;414,13;493,56;446;446;528,89;446;414,02;494,95;89,56;245,88;492,4;458,18;-;528,89;489,97;478,93
16.09.2022;09:00;10:00;333,78;366,89;436,84;333,78;333,78;525,89;333,78;401,59;454,17;82,74;262,61;490,08;380,48;-;525,89;451,84;436,05
16.09.2022;10:00;11:00;190,32;286,87;202;190,32;190,32;483,72;190,32;403,76;417,48;91,86;185,75;490,04;310;-;510,26;424,86;445,36
16.09.2022;11:00;12:00;111,86;242,35;150,01;111,86;111,86;475,01;111,86;402,34;409,93;94,85;111,86;490,79;195,46;-;493,37;404,68;407,09
16.09.2022;12:00;13:00;80,95;211,01;80,95;80,95;80,95;465,95;34,01;406,81;379,86;95,22;80,95;475,46;140;-;465,95;465,95;421,7
16.09.2022;13:00;14:00;67,84;191,05;0;67,84;67,84;407,94;0;405,09;394,99;95,22;67,84;452,1;142,71;-;451,4;450,57;394,99
16.09.2022;14:00;15:00;38,19;185,28;38,19;38,19;38,19;391,96;0;404,96;400;92,49;38,19;435,63;160,23;-;464,92;437,72;425,24
16.09.2022;15:00;16:00;43,97;184,34;127,5;43,97;43,97;306,05;43,97;403,77;394,93;82,82;43,97;387,06;149,74;-;497,25;497,25;497,25
16.09.2022;16:00;17:00;83,09;193,41;120;83,09;83,09;229,47;83,09;399,96;419,93;85,28;83,09;385,65;154,9;-;508,03;480,85;496,99
16.09.2022;17:00;18:00;149,92;240,62;192,88;149,92;149,92;362,42;149,92;263,71;409,92;105,37;149,92;395,32;317,5;-;512,94;503,48;512,94
16.09.2022;18:00;19:00;313,75;324,97;336,06;313,75;313,75;386,62;313,75;323,78;415,2;141,35;208,64;406,55;415,2;-;528,45;496,04;523,61
16.09.2022;19:00;20:00;363,93;359,15;370,23;363,93;363,93;404,94;363,93;375,57;450,1;144,35;196,88;466,73;450,1;-;546,34;527,63;532,49
16.09.2022;20:00;21:00;350;342,65;350;350;350;405,01;350;361,2;410;148,55;159,98;464,59;419,87;-;529,24;430,68;448,43
16.09.2022;21:00;22:00;219,56;258,49;216,06;219,56;219,56;378,99;219,56;233,11;372,91;120,92;36,9;435,8;390;-;500,08;424,47;465,48
16.09.2022;22:00;23:00;160,86;207,99;179,32;160,86;160,86;302,09;164,98;273,82;313,12;117,39;29,64;401,95;183,87;-;486,75;240,63;209,24
16.09.2022;23:00;00:00;119,91;190,92;205,49;119,91;119,91;386,61;140,64;234,76;235,88;105,58;14,83;393,85;142,71;-;483,27;277,89;196,4
17.09.2022;00:00;01:00;92,62;176,1;126,28;92,62;92,62;235,17;171;383,5;285,92;101,52;23,2;294,02;131,29;-;454,83;190,79;157,67
17.09.2022;01:00;02:00;80,24;156,9;95,56;80,24;80,24;236,33;95;358,2;271,09;93,95;15,7;274,27;125,37;-;416,38;207,34;160,06
17.09.2022;02:00;03:00;71,17;140,88;106;71,17;71,17;224,99;86,81;242,4;273,26;94,28;14,96;245,01;119,58;-;383,86;208,92;157,22
17.09.2022;03:00;04:00;80,2;129,81;98,53;80,2;80,2;192,05;80,2;240,82;169,81;84,51;14,97;275,03;111,54;-;373,4;183,83;140,42
17.09.2022;04:00;05:00;71,11;127,65;81,61;71,11;71,11;163,02;75,86;240,02;219,85;101,41;15,77;239,02;125,37;-;367,13;171,84;154,12
17.09.2022;05:00;06:00;72,69;127,87;96,64;72,69;72,69;162,05;85,09;195,04;230,01;101,54;20,54;245,05;125,25;-;371,86;173,41;153,86
17.09.2022;06:00;07:00;82,24;135,01;104,38;82,24;82,24;202,35;98,72;84,87;271,02;106,07;24,02;307,55;121,69;-;384,6;184,38;149,23
17.09.2022;07:00;08:00;86;176,7;134,26;86;86;292,07;127;245,49;365,09;108,69;30,54;309,89;158,66;-;395;395;300
17.09.2022;08:00;09:00;97,88;178,89;121,49;97,88;97,88;238,04;111,24;230,61;376,17;111,96;95,53;303,02;184;-;384,1;384,1;376,17
17.09.2022;09:00;10:00;74,03;188,95;87,05;74,03;74,03;288,62;74,03;382,82;382,98;143,86;72,25;288,76;210;-;394,86;379,24;371,86
17.09.2022;10:00;11:00;79,55;171,78;87,68;79,55;79,55;170,81;79,55;388,22;282,99;143,89;77,64;282,92;216,83;-;383,08;282,99;282,99
17.09.2022;11:00;12:00;60,06;165,84;63,72;60,06;60,06;208,68;51,36;381,52;324,94;148,52;58,62;255;211,71;-;375,5;287,84;295,8
17.09.2022;12:00;13:00;43,92;157,33;51,89;43,92;36,1;259,51;43,92;382,38;357,2;131,48;36,1;250,06;138,05;-;357,2;263,08;254,93
17.09.2022;13:00;14:00;5,09;129,24;5,09;5,09;22,09;288,17;5,09;229,84;353,51;137,89;22,09;255,55;97,26;-;310,5;310,5;313,02
17.09.2022;14:00;15:00;7,13;104,46;-9,06;7,13;21,85;157,89;2,91;183,54;260,09;143,89;21,85;244,11;114,87;-;228;174,23;163,64
17.09.2022;15:00;16:00;2;106,11;2;2;24,98;155,84;2;188,73;259,55;129,12;24,98;245,26;132,77;-;244,9;234,24;234,24
17.09.2022;16:00;17:00;35,18;112,98;44,74;35,18;35,18;122,72;35,18;36,31;258,04;176,45;35,18;263,85;200;-;270,82;257,78;285,65
17.09.2022;17:00;18:00;66,72;157,79;140,69;66,72;66,72;237,07;108,49;68,85;306,96;198,69;66,72;318,59;156,23;-;373,01;373,01;423,83
17.09.2022;18:00;19:00;104,5;195,47;142,42;104,5;104,5;224,47;142,42;235,02;323,48;223,72;104,5;305,52;239,61;-;393,19;393,19;386,75
17.09.2022;19:00;20:00;144,33;244,4;196,3;144,33;144,33;315,69;235,4;224,96;394,91;234,75;144,33;366,3;287,14;-;469,99;460,67;460,67
17.09.2022;20:00;21:00;106,36;237,17;189,42;106,36;106,36;342,94;250,14;336,51;373,33;230,95;106,36;380,34;186,21;-;454,22;372,97;418,32
17.09.2022;21:00;22:00;72,68;195,09;120,08;72,68;72,68;259,41;194,55;390,17;258;209,58;72,68;358,69;137,52;-;409,99;203,19;203,01
17.09.2022;22:00;23:00;70,42;161,75;106,01;70,42;70,42;228,06;111,79;245,63;258,01;153,04;68,73;348,56;118,6;-;391,7;197,51;258,01
17.09.2022;23:00;00:00;44,28;150,02;150,9;44,28;44,28;214,66;150,9;264,11;200,78;103,99;43,21;344,49;88,66;-;380,95;165,43;162,72
18.09.2022;00:00;01:00;26,62;114,06;110;26,62;27,47;269,93;95,14;27,47;231,81;99,22;27,47;251,64;87,86;-;384,17;185,79;161,08
18.09.2022;01:00;02:00;27,06;107,32;126,65;27,06;27,06;239,07;82,15;27,87;232,53;94,63;27,06;237,29;59,13;-;371,71;153,82;98,01
18.09.2022;02:00;03:00;22,19;99,65;128,29;22,19;22,19;253,81;77,48;22,85;203,32;94,74;22,19;202,07;46,98;-;344,74;146,32;86,99
18.09.2022;03:00;04:00;27,17;92,4;106,98;27,17;27,17;199,85;70;27,98;181,18;102,09;27,17;196,63;50,23;-;344,39;125,66;81
18.09.2022;04:00;05:00;34,02;75,24;106,57;34,02;34,02;138,53;73,75;35,04;64,67;103,77;34,02;190,54;12,73;-;350,47;57,61;37,99
18.09.2022;05:00;06:00;31,59;91,93;103,26;31,59;31,59;187,91;69,91;31,59;165,52;101,99;31,59;205,02;51,22;-;384,54;118,78;78,68
18.09.2022;06:00;07:00;22;94,06;122,57;22;24,64;197,14;93,96;24,64;125,64;93,42;24,64;244,99;60,97;-;354,71;125,23;84,62
18.09.2022;07:00;08:00;60,05;110,49;136;60,05;57,41;157,46;143,46;61,97;140,11;92,36;57,41;249,09;60,05;-;359,79;101,53;78,29
18.09.2022;08:00;09:00;74,57;128,43;143,42;74,57;74,57;187,51;143,42;76,96;182,52;104,35;74,57;246,61;104,28;-;340,26;148,48;122,02
18.09.2022;09:00;10:00;67,95;131,88;151,37;67,95;67,95;241,81;129,79;70,12;200,02;106,7;67,95;236,48;110,55;-;241,81;176,04;136,18
18.09.2022;10:00;11:00;72,55;148,99;136;72,55;72,55;226,8;170;223,63;231,31;94,82;72,55;239,16;99,52;-;226,8;158,92;125,27
18.09.2022;11:00;12:00;72,46;137,35;114,98;72,46;72,46;162,56;96,72;354,87;165,03;86,77;72,46;225,14;87,35;-;162,56;128,05;103,98
18.09.2022;12:00;13:00;68,49;103,95;102,61;68,49;68,49;141,28;88,44;83,32;141,28;79,31;68,49;221,87;79,82;-;141,28;112,67;93,28
18.09.2022;13:00;14:00;35,37;79,19;56,29;35,37;35,37;85,7;44,91;238,37;43,4;79,59;35,37;184;32,75;-;85,7;51,86;39,78
18.09.2022;14:00;15:00;20,02;54,57;46,84;32,24;32,24;84,92;32,24;33,2;30,33;100,57;32,24;158,81;16,65;-;84,92;41,18;25,68
18.09.2022;15:00;16:00;33,97;63,1;39,97;33,97;33,97;61,01;38,5;35,05;69,95;103,62;33,97;203,11;40,96;-;132,41;52,73;45,98
18.09.2022;16:00;17:00;47,93;94,5;57,4;47,93;47,93;84,58;55,39;159,46;111,43;100,9;47,93;254,77;71,77;-;226,8;98,23;93,99
18.09.2022;17:00;18:00;81,73;122,45;117,83;81,73;81,73;158,58;104,32;84,35;164,69;109,07;81,73;254,62;108,35;-;344,44;164,69;163,61
18.09.2022;18:00;19:00;182,5;205,81;198,91;182,5;182,5;241,2;195,6;188,34;260,07;164,12;182,5;262,81;205,39;-;371;260,07;260,07
18.09.2022;19:00;20:00;201,92;241,35;252;201,92;201,92;295,25;235,21;208,38;329,61;180,97;201,92;302,09;245,57;-;414,65;356,08;387,11
18.09.2022;20:00;21:00;214,68;242,19;297,05;214,68;214,68;345,1;274,61;221,55;182,68;182,38;210,07;302,12;219,2;-;460;281,41;275,67
18.09.2022;21:00;22:00;182,75;220,04;247,59;182,75;182,75;289,55;237;188,6;265,04;167,46;182,75;266,69;210,31;-;410,27;255,49;236,87
18.09.2022;22:00;23:00;149,5;196,54;208,19;149,5;149,5;295,27;236,8;154,28;260,43;129,17;145,91;249,03;183,88;-;399,12;273,29;220,21
18.09.2022;23:00;00:00;113,28;163,19;207;113,28;113,28;253,97;207;116,9;239,57;104,44;100,06;228,36;111,2;-;364,79;176,19;141,12
19.09.2022;00:00;01:00;83,82;120,51;119,16;83,82;83,82;180,97;125,16;86,51;155,23;111,6;31,84;241,43;106,03;-;347,03;164,02;129,97
19.09.2022;01:00;02:00;97,02;121,83;150,94;97,02;97,02;157;162,5;100,13;132,74;109,53;29,71;211,91;91,59;-;339,09;116,18;103,04
19.09.2022;02:00;03:00;84,28;132,72;166,29;84,28;84,28;222,96;163,5;95,08;173,93;107,65;27,77;238,45;95,74;-;329;152,6;119,25
19.09.2022;03:00;04:00;83,89;116,82;133,37;83,89;83,89;196,9;108,12;89,62;143,46;106,68;25,48;224,64;89;-;299,99;136,28;108,21
19.09.2022;04:00;05:00;98,33;116,75;111,17;98,33;98,33;160,02;111,17;101,48;146,82;108,03;27,95;210,44;110,56;-;305,4;152,93;128,1
19.09.2022;05:00;06:00;169,4;167,98;171,81;169,4;169,4;212,1;169,4;179,96;205,84;118,83;32,39;238,86;179,77;-;329;212,34;193,2
19.09.2022;06:00;07:00;344,87;309,96;344,87;344,87;344,87;348,6;343,43;350,77;352,86;187,83;119,02;309,04;363,36;-;373,57;368,04;369,81
19.09.2022;07:00;08:00;400,03;366,87;399,71;400,03;400,03;402;398,93;398,77;410,07;178,2;264,55;373,97;409,32;-;415,09;415,09;421,7
19.09.2022;08:00;09:00;415,38;388,27;415,38;415,38;415,38;415,38;415,38;405,41;415,38;177,91;405,41;374,63;415,38;-;415,38;415,38;415,38
19.09.2022;09:00;10:00;355;338,98;338,08;355;355;367,92;347,27;366,36;358,13;177,1;346,48;360,87;356,53;-;397,91;358,7;357,27
19.09.2022;10:00;11:00;325,98;318,14;322,6;325,98;325,98;328,36;324,37;339,68;326,58;177,04;318,15;384,56;326,27;-;368,01;326,69;326,41
19.09.2022;11:00;12:00;230,69;254,02;263,6;230,69;230,69;355,16;230,69;243,12;248,5;170,84;225,15;365,1;230,73;-;357,2;267,8;236,5
19.09.2022;12:00;13:00;190,78;225,9;247,39;190,78;190,78;336,74;190,78;224,86;210,74;169,53;186,2;347,41;189,72;-;336,74;234,56;196,41
19.09.2022;13:00;14:00;153,35;200,56;220,41;153,35;153,35;326,5;153,35;236,85;175,57;156,47;149,67;331,41;149,2;-;326,5;196,08;155,47
19.09.2022;14:00;15:00;170,13;200,01;193,1;170,13;170,13;331,59;170,13;237,4;192,58;140,55;136,69;287,11;170,67;-;346,5;232,34;189,06
19.09.2022;15:00;16:00;215,41;208,71;139,46;215,41;215,41;329,16;148,78;222,3;254,89;169,53;119,97;246,69;234,19;-;355;255,99;242,73
19.09.2022;16:00;17:00;228,15;231,08;205;228,15;228,15;270,3;203,43;257,22;282,7;170,84;111,96;286,76;297,36;-;380,86;299,82;315,92
19.09.2022;17:00;18:00;350;332,55;350;350;350;350;350;361,2;350;177,98;334,13;334,76;350;-;394,88;350;350
19.09.2022;18:00;19:00;407,43;378,67;407,43;407,43;407,43;407,43;407,43;397,51;407,43;178,03;379,94;357,89;407,43;-;415,38;407,43;407,43
19.09.2022;19:00;20:00;442,05;411,66;442,05;442,05;442,05;442,05;442,05;428,35;442,05;198,39;389,98;417,23;442,05;-;450;442,05;442,05
19.09.2022;20:00;21:00;420,05;384,7;420,05;420,05;420,05;420,05;420,05;409,78;420,05;191,7;300,01;389,91;420,05;-;446,77;420,05;420,05
19.09.2022;21:00;22:00;375;326,34;375;375;375;375;375;381,42;375;177,83;32,52;372,97;375;-;410,99;375;375
19.09.2022;22:00;23:00;342,68;303,26;342,68;342,68;342,68;342,68;342,68;353,64;342,68;180,14;24,33;378,98;342,68;-;389,99;342,68;342,68
19.09.2022;23:00;00:00;296,69;260,24;296,69;296,69;296,69;296,69;296,69;305,56;296,69;127,08;14,65;338,56;296,69;-;380,74;296,69;296,69
20.09.2022;00:00;01:00;261,77;233,61;261,77;261,77;261,77;261,77;261,77;270,14;261,77;178;24,17;265,06;261,77;-;359,78;261,77;261,77
20.09.2022;01:00;02:00;260,1;229,8;260,1;260,1;260,1;260,1;260,1;267,87;260,1;157,06;27,43;254,7;260,1;-;343,57;260,1;260,1
20.09.2022;02:00;03:00;275,39;242,09;278,2;275,39;275,39;281,59;277,65;283,62;273,05;156,51;26,87;259,29;275,39;-;323,87;277,16;275,79
20.09.2022;03:00;04:00;262,47;231,08;262,47;262,47;262,47;262,47;262,47;270,87;262,47;156,51;25,07;252,12;262,47;-;317,12;262,47;262,47
20.09.2022;04:00;05:00;260,1;229,71;260,1;260,1;260,1;260,1;260,1;268,42;260,1;157,14;28,48;252,09;260,1;-;307,94;260,1;260,1
20.09.2022;05:00;06:00;278,3;250,16;278,3;278,3;278,3;278,3;278,3;302,05;278,3;184,26;25;292,37;278,3;-;343,57;278,3;278,3
20.09.2022;06:00;07:00;375;330,98;375;375;375;375;375;358,93;375;222,75;43,99;390,06;375;-;375;375;375
20.09.2022;07:00;08:00;433;413,15;433;433;433;433;433;410,31;433;232,47;410,31;460,51;433;-;433;433;433
20.09.2022;08:00;09:00;440,76;421,39;408,97;440,76;440,76;464,9;426,61;427,1;446,16;244,14;427,1;465,23;443,56;-;464,9;447,36;444,94
20.09.2022;09:00;10:00;401,65;387,51;327,49;401,65;401,65;457,98;366,85;411,93;414,17;240,57;392,01;440,24;408,06;-;457,98;417,15;411,22
20.09.2022;10:00;11:00;364,15;351,47;334,01;364,15;364,15;387,2;350;379,38;369,39;186,06;355,41;409,69;366,77;-;387,2;370,45;368,04
20.09.2022;11:00;12:00;344,3;332,89;303,61;344,3;344,3;372,88;325,16;364,48;351,16;177,07;336,03;395,07;347,7;-;372,88;352,48;349,35
20.09.2022;12:00;13:00;318,48;311,95;278,72;318,48;318,48;346,63;300;365,5;325,24;176,97;310,83;368,82;321,81;-;346,63;326,52;323,44
20.09.2022;13:00;14:00;306,78;302,66;254,73;306,78;306,78;346,56;282,53;365,47;315,83;176,97;299,42;362,88;311,28;-;346,56;317,63;313,47
20.09.2022;14:00;15:00;308,31;303,57;258,28;308,31;308,31;346,56;285;363,45;317;176,94;300,91;361,94;312,62;-;346,56;318,73;314,73
20.09.2022;15:00;16:00;325,61;317,58;298,03;325,61;325,61;346,56;312,86;364,44;330,32;177,07;317,8;367,09;328,04;-;346,56;331,19;329,24
20.09.2022;16:00;17:00;355,69;345,14;335,46;355,69;355,69;371,83;346,93;369,9;371,83;183,01;355,69;386,09;364,38;-;371,83;368,98;368,33
20.09.2022;17:00;18:00;420,7;397,61;411,58;420,7;420,7;414,99;402,75;411,69;418,77;208,96;411,69;431,83;420;-;414,99;418,87;419,58
20.09.2022;18:00;19:00;469,05;443;469,05;469,05;469,05;469,05;469,05;454,51;469,05;214,63;454,51;466,03;469,05;-;469,05;469,05;469,05
20.09.2022;19:00;20:00;580,61;517,74;530,72;580,61;580,61;580,61;491,98;485,17;549,64;271,87;485,17;555,08;583,64;-;580,61;646,52;597,85
20.09.2022;20:00;21:00;508,1;474,6;427,29;508,1;508,1;567,73;474,28;479,96;503,81;254,55;479,96;502,14;514,66;-;567,73;567,73;525,29
20.09.2022;21:00;22:00;429,9;408,45;429,9;429,9;429,9;429,9;429,9;419,59;429,9;196,84;419,59;447,67;429,9;-;429,9;429,9;429,9
20.09.2022;22:00;23:00;388,2;371,95;388,2;388,2;388,2;388,2;388,2;388,2;388,2;199,35;378,88;407,57;388,2;-;388,2;388,2;388,2
20.09.2022;23:00;00:00;353,78;340,06;344,6;353,78;353,78;360;349,9;353,78;355,15;176,93;345,29;393,03;354,39;-;360;355,32;354,77
21.09.2022;00:00;01:00;310,3;295,42;310,3;310,3;310,3;310,3;310,3;337,35;310,3;175,62;205,04;359,54;310,3;-;369;310,3;310,3
21.09.2022;01:00;02:00;299,58;282,69;299,58;299,58;299,58;299,58;299,58;309,17;299,58;170,52;192,84;340,05;299,58;-;350;299,58;299,58
21.09.2022;02:00;03:00;299,54;283,58;299,54;299,54;299,54;299,54;299,54;308,49;299,54;170;219,4;324,73;299,54;-;349,19;299,54;299,54
21.09.2022;03:00;04:00;299,58;283,69;299,58;299,58;299,58;299,58;299,58;308,52;299,58;170;224,99;320;299,58;-;343,75;299,58;299,58
21.09.2022;04:00;05:00;297,28;285,16;297,28;297,28;297,28;297,28;297,28;306,79;297,28;173,59;257,34;318,09;297,28;-;343,98;297,28;297,28
21.09.2022;05:00;06:00;340,94;323,05;326,92;340,94;340,94;332,18;309,98;358,84;339,48;176,29;340,94;346,87;340,13;-;358,1;338,93;339,92
21.09.2022;06:00;07:00;427,01;384,31;364,98;427,01;427,01;403,24;310,2;416,76;417,95;198,77;416,76;419,69;425;-;417,95;419,48;422,76
21.09.2022;07:00;08:00;534,75;498,51;534,75;534,75;534,75;534,75;534,75;488,71;534,75;210,77;526,49;514,34;534,75;-;534,75;534,75;534,75
21.09.2022;08:00;09:00;527,71;484,31;488,17;527,71;527,71;515,85;459,85;499,91;522,94;218,16;527,66;512,92;526,56;-;523,62;523,62;525,54
21.09.2022;09:00;10:00;429,07;388,7;364,78;429,07;427,1;424,84;309,95;427,1;408,24;199,48;427,1;432,51;425,57;-;424,84;424,84;424,06
21.09.2022;10:00;11:00;358,15;339,84;314,35;358,15;360,12;375,88;319,9;369,61;361,01;180,4;360,12;378,71;360,04;-;375,88;362,5;360,82
21.09.2022;11:00;12:00;321,62;315,12;267,2;321,62;321,62;358,99;289,54;331,91;363,84;178,08;321,62;362,81;349,12;-;361,99;361,99;361,43
21.09.2022;12:00;13:00;298,37;287,99;223,2;298,37;298,37;356,99;263;307,92;310,76;176,35;298,37;330,03;304,52;-;356,99;314,18;307,52
21.09.2022;13:00;14:00;302,26;286,12;244,7;302,26;302,26;319,86;249,9;311,93;309,82;175,65;302,26;320,84;307,79;-;330;310,78;310,05
21.09.2022;14:00;15:00;311,38;291,3;277,76;311,38;311,38;300,14;260;321,35;307,03;175,62;311,38;317,95;310,33;-;340,54;307,39;309,44
21.09.2022;15:00;16:00;331,88;308,81;300,07;331,88;331,88;318,15;270;350,04;331,88;178,26;331,88;318,93;333,9;-;360,28;331,99;334,32
21.09.2022;16:00;17:00;364,32;337,36;331,96;364,32;364,32;350,11;301,5;383,43;364,32;178,56;364,32;341,73;366,4;-;364,43;364,43;366,82
21.09.2022;17:00;18:00;406,74;374,67;366,62;406,74;406,74;389,45;328,95;406,74;406,74;190,26;406,74;403,34;409,01;-;389,45;406,9;409,64
21.09.2022;18:00;19:00;470;444,88;470;470;470;470;470;455,43;470;218,63;455,43;474,22;470;-;470;470;470
21.09.2022;19:00;20:00;574,51;527,18;574,51;574,51;574,51;574,51;574,51;472,18;574,51;251;472,18;582,04;574,51;-;574,51;574,51;574,51
21.09.2022;20:00;21:00;490,53;460,74;490,53;490,53;490,53;490,53;490,53;445,32;490,53;231,41;445,32;512,4;490,53;-;490,53;490,53;490,53
21.09.2022;21:00;22:00;403,66;383,18;403,66;403,66;403,66;403,66;403,66;402,94;403,66;185,06;402,94;398,38;403,66;-;403,66;403,66;403,66
21.09.2022;22:00;23:00;370;353,28;370;370;370;370;370;368,92;370;192,17;361,12;373,83;370;-;370;370;370
21.09.2022;23:00;00:00;349,39;332,41;349,39;349,39;349,39;349,39;349,39;359,75;349,39;173,39;341;336,62;349,39;-;349,39;349,39;349,39
22.09.2022;00:00;01:00;373,07;333,45;373,07;373,07;373,07;373,07;373,07;374,09;373,07;178,66;148,8;354,9;373,07;-;373,07;373,07;373,07
22.09.2022;01:00;02:00;339,41;300,81;339,41;339,41;339,41;339,41;339,41;349,55;339,41;175,38;71,37;336,78;339,41;-;351,7;339,41;339,41
22.09.2022;02:00;03:00;330,08;292,9;330,08;330,08;330,08;330,08;330,08;339,94;330,08;174,74;68,03;328,65;330,08;-;330,08;330,08;330,08
22.09.2022;03:00;04:00;310,94;278,17;310,94;310,94;310,94;310,94;310,94;320,22;310,94;175,21;66,02;321,87;310,94;-;310,94;310,94;310,94
22.09.2022;04:00;05:00;322,2;292,52;322,2;322,2;322,2;322,2;322,2;329,9;322,2;176,77;132,57;323,08;322,2;-;322,2;322,2;322,2
22.09.2022;05:00;06:00;360;333,65;360;360;360;360;360;373,23;360;189,48;229,93;357,56;360;-;361,38;360;360
22.09.2022;06:00;07:00;435,1;411,29;435,1;435,1;435,1;435,1;435,1;409,69;435,1;225,6;409,69;433,48;435,1;-;435,1;435,1;435,1
22.09.2022;07:00;08:00;536,03;498,3;536,03;536,03;536,03;536,03;536,03;469,64;536,03;233,88;469,64;555,94;536,03;-;536,03;536,03;536,03
22.09.2022;08:00;09:00;498,8;474,65;495,83;498,8;498,8;511,74;498,8;475,06;492,01;236,88;476,48;538,56;498,16;-;511,74;511,74;499,42
22.09.2022;09:00;10:00;387,88;376,42;387,88;387,88;387,88;448,37;387,88;387,88;369,95;193,34;387,88;415,66;385,97;-;448,37;430,03;388
22.09.2022;10:00;11:00;333,9;330,1;320,69;333,9;333,9;392,44;333,68;351,38;334,35;175,68;333,9;392,5;328,64;-;420;420;331,19
22.09.2022;11:00;12:00;301;313,86;324,99;301;301;410;326,62;310,62;319,98;173,91;301;385,49;297,81;-;410;410;303,86
22.09.2022;12:00;13:00;294,36;298,55;229,2;294,36;294,36;355,17;267,3;303,78;361,5;173,83;294,36;375,01;335,22;-;361,5;361,5;352,95
22.09.2022;13:00;14:00;275,84;282,55;176,08;275,84;275,84;357,66;232,94;291,29;361,37;172,6;275,84;360,07;328,55;-;361,37;361,37;351,11
22.09.2022;14:00;15:00;288,07;300,32;261,3;288,07;288,07;368,35;283,36;319,09;355,04;173,8;288,07;354,96;323,43;-;381,49;381,49;340,95
22.09.2022;15:00;16:00;310,94;313,18;261,3;310,94;310,94;354,32;289,51;355;368,75;174,03;310,94;358,91;350,3;-;381,49;381,49;368,75
22.09.2022;16:00;17:00;376,92;359,29;377,24;376,92;376,92;379,84;376,92;370,65;376,92;180,67;367,87;385,32;382,92;-;413,99;413,99;389,64
22.09.2022;17:00;18:00;437,74;408,68;437,74;437,74;437,74;437,74;437,74;408,87;437,74;196,28;408,87;417,23;437,74;-;437,74;437,74;437,74
22.09.2022;18:00;19:00;493,68;453,19;480,84;493,68;493,68;489,09;469,3;409,02;492,12;257,44;409,02;497,41;493,52;-;489,09;492,32;493,06
22.09.2022;19:00;20:00;600;534,16;600;600;600;600;600;405,99;600;284,04;405,99;579,77;600;-;600;600;600
22.09.2022;20:00;21:00;510;468,02;510;510;510;510;510;404,43;510;267,29;404,43;502,05;510;-;510;510;510
22.09.2022;21:00;22:00;418,38;391,77;418,38;418,38;418,38;418,38;418,38;384,07;418,38;197,01;379,95;419,79;418,38;-;441,02;418,38;418,38
22.09.2022;22:00;23:00;396,34;352,77;396,34;396,34;396,34;396,34;396,34;379,93;396,34;195,09;135,9;395,17;396,34;-;426,23;396,34;396,34
22.09.2022;23:00;00:00;378,69;327,55;378,69;378,69;378,69;378,69;378,69;367,71;378,69;177,47;48,71;358,36;378,69;-;410,55;378,69;378,69
23.09.2022;00:00;01:00;352,56;308,01;352,56;352,56;352,56;352,56;352,56;342,33;352,56;192,79;50,06;335,01;352,56;-;376,88;352,56;352,56
23.09.2022;01:00;02:00;320,23;280,87;322,86;320,23;320,23;332,87;323,42;310,94;314,95;176,88;46,9;299,82;320,42;-;369,88;322,95;320,73
23.09.2022;02:00;03:00;312,58;272,62;312,58;312,58;312,58;312,58;312,58;303,51;312,58;175;47,15;285,1;312,58;-;360;312,58;312,58
23.09.2022;03:00;04:00;300,48;263,19;300,48;300,48;300,48;300,48;300,48;291,77;300,48;174,35;49,7;275,88;300,48;-;361,5;300,48;300,48
23.09.2022;04:00;05:00;303,12;266,48;303,12;303,12;303,12;303,12;303,12;301,97;303,12;175,7;51,79;279,93;303,12;-;369,59;303,12;303,12
23.09.2022;05:00;06:00;324,57;291,29;324,57;324,57;324,57;324,57;324,57;345,96;324,57;204,18;68,23;313,88;324,57;-;371,45;324,57;324,57
23.09.2022;06:00;07:00;410,66;383,16;410,66;410,66;410,66;410,66;410,66;360,31;410,66;230,21;349,96;399,65;410,66;-;414,99;410,66;410,66
23.09.2022;07:00;08:00;455,29;425,5;453,32;455,29;455,29;462,75;455,29;385,96;455,29;252,22;385,96;455,93;463,2;-;496,29;496,29;472,09
23.09.2022;08:00;09:00;424,57;408,38;412,77;424,57;424,57;473,61;424,57;400,47;415,13;252,3;400,47;423,1;440,58;-;571,36;571,36;461,28
23.09.2022;09:00;10:00;376,02;359,47;320,73;376,02;376,02;467,5;358,08;374,57;344,95;188,94;374,57;399,07;373,76;-;467,5;467,5;382,11
23.09.2022;10:00;11:00;350,92;349,35;372,16;350,92;350,92;406,83;368,85;362,14;365,18;171,33;350,92;393,7;349,89;-;406,83;368,14;352,12
23.09.2022;11:00;12:00;338,56;338,28;345,65;338,56;338,56;401,99;350;350,25;354,64;171,24;338,56;392,87;338,79;-;401,99;357,93;341,46
23.09.2022;12:00;13:00;318,16;318,53;317,86;318,16;318,16;400,07;318,16;342,04;317,72;156,98;318,16;379,95;316,53;-;400,07;400,07;329,99
23.09.2022;13:00;14:00;295,3;308,68;294,05;295,3;295,3;397,28;307,52;330,11;301,71;171,22;295,3;377,91;329,82;-;397,28;397,28;352,64
23.09.2022;14:00;15:00;324,92;323,12;332,81;324,92;324,92;397,28;338;335,31;305,89;171,39;317,12;385,02;321,65;-;397,28;340,45;323,12
23.09.2022;15:00;16:00;330,76;331,88;358,82;330,76;330,76;406,12;354,12;341,34;321,9;174,17;322,82;380,04;329,78;-;406,12;406,12;341,5
23.09.2022;16:00;17:00;372,14;361,98;387,3;372,14;372,14;411,23;384,97;360,6;375;178,76;360,6;392;387,01;-;411,23;428,42;401,39
23.09.2022;17:00;18:00;422,09;391,31;422,09;422,09;422,09;422,09;422,09;364,52;422,09;209,3;364,52;411,48;422,09;-;422,09;422,09;422,09
23.09.2022;18:00;19:00;460,13;424,57;460,13;460,13;460,13;460,13;460,13;376,95;460,13;261,68;376,95;433,77;460,13;-;467,5;460,13;460,13
23.09.2022;19:00;20:00;473,02;436,25;476,92;473,02;473,02;485,37;475;385,93;420,1;293,03;385,93;471,85;458,54;-;609,99;609,99;577,35
23.09.2022;20:00;21:00;435,61;406,07;436,63;435,61;435,61;450,76;437,58;385,93;384,94;268,05;385,93;425,06;420,69;-;569,99;569,99;541,2
23.09.2022;21:00;22:00;395,48;352,81;384,99;395,48;395,48;406,61;391,46;370,4;385,43;196,19;160,2;399,21;395,51;-;428,6;428,6;404,12
23.09.2022;22:00;23:00;381,86;338;387,8;381,86;381,86;396,02;386,8;367,2;369,95;212,04;70,51;384,99;379,01;-;401,39;393,46;393,46
23.09.2022;23:00;00:00;360,93;320,98;359,75;360,93;360,93;397,19;358,04;351,12;369,91;175,29;57,24;373,06;367,36;-;397,19;391,29;375,63
24.09.2022;00:00;01:00;377,94;337,17;377,94;377,94;377,94;377,94;377,94;354,33;377,94;254,68;61,16;393,16;377,94;-;385,74;377,94;377,94
24.09.2022;01:00;02:00;344,12;307,16;344,12;344,12;344,12;344,12;344,12;345,35;344,12;192,51;59,67;372,42;344,12;-;368;344,12;344,12
24.09.2022;02:00;03:00;312,03;280,28;312,03;312,03;312,03;312,03;312,03;304,43;312,03;180,78;60,06;353,62;312,03;-;365;312,03;312,03
24.09.2022;03:00;04:00;307,23;274,4;307,23;307,23;307,23;307,23;307,23;298,32;307,23;180,69;60,66;328,08;307,23;-;360,68;307,23;307,23
24.09.2022;04:00;05:00;306,29;273,3;306,29;306,29;306,29;306,29;306,29;297,41;306,29;180,7;64,07;320,1;306,29;-;360;306,29;306,29
24.09.2022;05:00;06:00;312,74;278,56;314,54;312,74;312,74;317,26;314,36;305,31;301,67;187,1;65,68;319,98;312,74;-;360,34;360,34;340,26
24.09.2022;06:00;07:00;345,2;302,55;346,3;345,2;345,2;347,99;345,2;342,22;335,02;176,83;67,13;335,14;341,82;-;379,38;379,38;369,96
24.09.2022;07:00;08:00;371,78;328,02;372,6;371,78;371,78;373,81;371,78;352,53;366,03;195,51;70,11;389,24;373,08;-;401,48;401,48;394,1
24.09.2022;08:00;09:00;370,66;340,64;371,28;370,66;370,66;371,99;370,66;359,17;369,95;217,06;175,53;396,43;373,61;-;389,65;389,65;380,41
24.09.2022;09:00;10:00;375,15;348,48;375,31;375,15;375,15;375,5;375,15;363,52;374,93;204,71;238,99;399,77;375,15;-;380;380;377,18
24.09.2022;10:00;11:00;369,93;348,74;369,93;369,93;369,93;369,93;369,93;358,46;369,93;189,11;299,82;399,29;369,93;-;369,93;369,93;369,93
24.09.2022;11:00;12:00;363,49;342,2;363,49;363,49;363,49;363,49;363,49;352,22;363,49;182,93;288,61;395,98;363,49;-;363,49;363,49;363,49
24.09.2022;12:00;13:00;330;316,24;337,43;330;330;347,96;330;340,56;328,73;179,77;235,86;387,31;331;-;347,96;347,96;333,18
24.09.2022;13:00;14:00;298,29;288,15;298,29;298,29;298,29;298,29;298,29;307,84;298,29;178,69;243,84;351,29;298,29;-;368,24;298,29;298,29
24.09.2022;14:00;15:00;299;286,12;299;299;299;299;299;308,57;299;179,56;248,95;317,25;299;-;362,72;299;299
24.09.2022;15:00;16:00;317,11;300,08;317,11;317,11;317,11;317,11;317,11;329,78;317,11;183,93;251,29;316,07;317,11;-;329,88;317,11;317,11
24.09.2022;16:00;17:00;357;336,81;357;357;357;357;357;346,71;357;216,62;309,17;333,37;357;-;357;357;357
24.09.2022;17:00;18:00;374,47;363,19;374,49;374,47;374,47;374,54;374,47;359,64;374,64;261,82;359,64;392,55;374,35;-;374,54;375,2;374,56
24.09.2022;18:00;19:00;409,63;385,37;403,63;409,63;409,63;410,63;385,7;379,18;374,94;287,24;379,18;410,18;389,09;-;410,63;493,79;535,94
24.09.2022;19:00;20:00;427,76;406,91;434,85;427,76;427,76;440,78;433,95;392,7;369,99;336,46;392,7;411,55;407,47;-;458,29;576,06;579,99
24.09.2022;20:00;21:00;407,68;389,66;410,3;407,68;407,68;413,39;407,68;383,22;374,99;289,64;383,22;408,45;400,03;-;444,15;480,56;480,25
24.09.2022;21:00;22:00;371,55;348,48;372,04;371,55;371,55;372,96;371,55;360,03;365,41;231,26;251,85;395,83;369,2;-;387,15;387,15;384,97
24.09.2022;22:00;23:00;362,73;332,75;362,73;362,73;362,73;362,73;362,73;346,48;362,73;188,56;199,3;386,75;362,73;-;362,73;362,73;362,73
24.09.2022;23:00;00:00;314,97;290,1;314,97;314,97;314,97;314,97;314,97;324,95;314,97;173,88;129,88;357,55;314,97;-;340;314,97;314,97
25.09.2022;00:00;01:00;268,66;252,61;268,66;268,66;268,66;268,66;268,66;328,87;268,66;175,67;89;304,57;268,66;-;322,7;268,66;268,66
25.09.2022;01:00;02:00;230;220,7;230;230;230;230;230;312,17;230;148,67;80,55;276,28;230;-;327,23;230;230
25.09.2022;02:00;03:00;215,24;207,46;215,24;215,24;215,24;215,24;215,24;285,52;215,24;143,09;78,71;268,06;215,24;-;323,35;215,24;215,24
25.09.2022;03:00;04:00;215,16;204,77;215,16;215,16;215,16;215,16;215,16;268,61;215,16;148,67;77,54;251,57;215,16;-;315,29;215,16;215,16
25.09.2022;04:00;05:00;194,4;183,24;194,4;194,4;194,4;194,4;194,4;200,62;194,4;148,67;80,94;224,61;194,4;-;323;194,4;194,4
25.09.2022;05:00;06:00;197,6;190,36;197,6;197,6;197,6;197,6;197,6;203,92;197,6;152,01;116,97;237,84;197,6;-;323;197,6;197,6
25.09.2022;06:00;07:00;228,14;216,05;228,14;228,14;228,14;228,14;228,14;238,3;228,14;163,86;122,17;255,23;228,14;-;327,08;228,14;228,14
25.09.2022;07:00;08:00;239,9;227,57;239,9;239,9;239,9;239,9;239,9;247,57;239,9;169,79;136,52;270,07;239,9;-;329,53;239,9;239,9
25.09.2022;08:00;09:00;278,74;262,45;278,74;278,74;278,74;278,74;278,74;287,65;278,74;171,45;195,21;281,45;278,74;-;336,7;278,74;278,74
25.09.2022;09:00;10:00;291,6;274,54;290,27;291,6;291,6;291,6;287,15;300,92;291,6;168,14;214,32;301,14;291,6;-;336,29;308,13;297,46
25.09.2022;10:00;11:00;271,97;252,49;249,57;271,97;271,97;261,38;209,9;299,83;274,72;132,69;243,27;290,09;271,97;-;330,11;274,72;274,72
25.09.2022;11:00;12:00;277;248,92;241,64;277;277;258,68;145;320,81;277;126,14;253,61;284,2;277;-;323;279,73;279,79
25.09.2022;12:00;13:00;266,48;235,65;220,77;266,48;266,48;250,16;145;275,01;275,04;126,06;215,54;280,07;271,58;-;278,49;275,04;275,04
25.09.2022;13:00;14:00;238,34;213,82;196,3;238,34;238,34;226,11;110;245,96;238,83;126,06;227,8;265,97;238,34;-;239,47;238,83;239,55
25.09.2022;14:00;15:00;211,34;197,6;185;211,34;211,34;205,13;135;232,99;211,34;132,99;206,27;230,89;211,34;-;211,34;211,34;212,16
25.09.2022;15:00;16:00;218,59;208,76;194,32;218,59;218,59;209,59;152,8;262,96;220,94;147,97;213,34;238,64;218,59;-;220,94;220,94;220,99
25.09.2022;16:00;17:00;266,2;246,65;227,2;266,2;266,2;250,39;174;313,73;270,09;174,16;229,38;273,21;268,62;-;315,29;270,42;270,63
25.09.2022;17:00;18:00;328,13;317,81;326,13;328,13;328,13;328,13;328,13;343,62;335,24;187,9;320,25;337,06;333,19;-;345,84;345,84;343,93
25.09.2022;18:00;19:00;380,09;361,18;380,09;380,09;380,09;380,09;380,09;351,14;380,09;227,62;351,14;382,47;380,09;-;380,09;380,09;380,09
25.09.2022;19:00;20:00;412,03;391,32;412,16;412,03;412,03;412,26;412,14;357,58;410,92;293,99;357,58;412,08;411,77;-;415;415;414,69
25.09.2022;20:00;21:00;393,92;375,78;393,99;393,92;393,92;394,11;393,99;362,22;393,29;285,58;320,85;407,79;393,92;-;396,2;396,2;395,59
25.09.2022;21:00;22:00;369,97;342,15;369,97;369,97;369,97;369,97;369,97;354,36;369,97;214,34;213,62;391,57;369,97;-;380,39;369,97;369,97
25.09.2022;22:00;23:00;348,17;314,86;348,17;348,17;348,17;348,17;348,17;341,52;348,17;189,46;122,15;373,11;348,17;-;353,19;348,17;348,17
25.09.2022;23:00;00:00;294,43;264,3;294,43;294,43;294,43;294,43;294,43;287,33;294,43;171,31;42,91;344,76;294,43;-;321;294,43;294,43
26.09.2022;00:00;01:00;248,77;231,51;248,77;248,77;248,77;248,77;248,77;248,77;248,77;148,01;125,02;283,38;248,77;-;248,77;248,77;248,77
26.09.2022;01:00;02:00;179,85;173,79;179,85;179,85;179,85;179,85;179,85;181,49;179,85;130,51;60,59;280,16;179,85;-;179,85;179,85;179,85
26.09.2022;02:00;03:00;156,84;156,49;157,15;156,84;156,84;161,92;156,84;156,84;157,88;126,91;53,37;279,31;157,45;-;161,92;159,25;158,12
26.09.2022;03:00;04:00;121,24;134,24;119,8;121,24;121,24;131,81;118,18;124,86;136,39;137,23;56,08;273,57;136,26;-;149;141,81;143,34
26.09.2022;04:00;05:00;98,22;127,85;94,45;98,22;98,22;126,43;90,4;101,15;138,14;145,72;79,07;296,87;137,71;-;167,6;152,47;156,37
26.09.2022;05:00;06:00;155,92;174,1;139,61;155,92;155,92;173,2;142,8;160,91;205,01;166,44;119,98;304,22;191,12;-;293,2;230,37;263,51
26.09.2022;06:00;07:00;244,59;258,32;201,23;244,59;244,59;327,95;224;259,82;374,12;215,78;58,84;338,23;352,4;-;374,12;374,12;394,69
26.09.2022;07:00;08:00;333,89;336,05;268,94;333,89;333,89;393,43;297,62;325,88;407,61;197,11;325,88;380,26;432,07;-;430;430;453,64
26.09.2022;08:00;09:00;329,99;336;259,14;329,99;329,99;398,3;292,78;329,99;407,34;210,1;329,99;377,91;430,48;-;430;430;453,48
26.09.2022;09:00;10:00;291,5;304,8;250,68;291,5;291,5;336,54;269,9;302,7;374,94;197,75;291,5;364,29;381,48;-;413,51;403,23;412,03
26.09.2022;10:00;11:00;259,75;282,16;246,7;259,75;259,75;315,64;251,06;267,51;374,93;173,55;259,75;330,79;364,36;-;392,13;372,32;391,25
26.09.2022;11:00;12:00;217,48;259,06;243,7;217,48;217,48;301,7;234;223,97;378,96;168,89;217,48;333,04;313;-;382,27;366,42;368,43
26.09.2022;12:00;13:00;162,98;232,61;213,39;162,98;162,98;268,96;224,7;208,55;378,92;155,72;162,98;327,14;292,39;-;367,56;346,43;364,18
26.09.2022;13:00;14:00;173,93;216,6;192,76;173,93;173,93;192,76;200,15;200,03;336,57;155,9;169,76;318,1;268,66;-;367,07;336,57;322,57
26.09.2022;14:00;15:00;154,25;198,6;186,3;154,25;154,25;227,07;169,3;158,85;285,09;154,11;93,57;316,33;285,5;-;377,62;377,62;341,58
26.09.2022;15:00;16:00;165,24;203,96;176,31;165,24;165,24;207,67;165,24;231,58;285,07;172,02;61,79;324,85;288,5;-;385,83;357,99;369,44
26.09.2022;16:00;17:00;197,39;230,51;197,39;197,39;197,39;218,23;240;292,36;369,95;189,44;51,5;326,3;255,66;-;390,21;390,21;400,39
26.09.2022;17:00;18:00;309,08;291;310,17;309,08;309,08;315,21;314,55;307,7;379,92;228,12;56,29;344,43;326,4;-;396,21;393,21;431,67
26.09.2022;18:00;19:00;389,01;344,82;389,01;389,01;389,01;390,82;389,13;325,02;407,44;264,75;63,87;390,1;394,89;-;428,51;412,96;425,41
26.09.2022;19:00;20:00;419,01;373,99;417,71;419,01;419,01;422,6;417,71;331,8;443,82;327,76;63,57;401,17;449,69;-;489,99;458,5;480,23
26.09.2022;20:00;21:00;396,58;347,78;396,58;396,58;396,58;396,58;396,58;337,31;396,58;268,13;53,48;390,64;396,58;-;401,98;396,58;396,58
26.09.2022;21:00;22:00;329,7;291,27;329,7;329,7;329,7;329,7;329,7;324,57;329,7;183,95;42,39;345,14;329,7;-;383,91;329,7;329,7
26.09.2022;22:00;23:00;303,08;272,89;299,65;303,08;303,08;325,89;298,99;291,56;322,25;180,06;31,59;335,68;310;-;369,2;327,19;316,94
26.09.2022;23:00;00:00;263,91;237,98;263,91;263,91;263,91;263,91;263,91;280,57;263,91;166,68;18,77;304,37;263,91;-;371,04;263,91;263,91
27.09.2022;00:00;01:00;190,95;190,77;190,95;190,95;190,95;190,95;190,95;296,58;190,95;142,01;13,93;309,25;190,95;-;331,93;190,95;190,95
27.09.2022;01:00;02:00;180,24;177,36;180,24;180,24;180,24;180,24;180,24;236,88;180,24;143,92;13;295,48;180,24;-;298;180,24;180,24
27.09.2022;02:00;03:00;169,8;163,15;169,8;169,8;169,8;169,8;169,8;174,87;169,8;143,88;12,66;274,66;169,8;-;284,3;169,8;169,8
27.09.2022;03:00;04:00;151,3;149,78;151,3;151,3;151,3;151,3;151,3;155,82;151,3;146,07;12,97;273,64;151,3;-;265,49;151,3;151,3
27.09.2022;04:00;05:00;167,35;162,65;167,35;167,35;167,35;167,35;167,35;207,07;167,35;140,56;14,32;255,75;167,35;-;262,23;167,35;167,35
27.09.2022;05:00;06:00;209,97;208,04;183;209,97;209,97;222,81;178,69;291,55;270,99;182,61;16,2;299,7;222,9;-;314,9;291,99;318,47
27.09.2022;06:00;07:00;327,48;289,99;258,3;327,48;327,48;379,28;277,16;303,94;374,98;218,53;24,72;331,35;366,69;-;383,8;383,8;384,74
27.09.2022;07:00;08:00;415,95;357,1;400;415,95;415,95;430,24;407,38;320,6;426,87;219,63;59,41;400,09;431,97;-;437,33;437,33;436,54
27.09.2022;08:00;09:00;443,51;372,22;385,38;443,51;443,51;503,47;419,32;328,86;404,92;216,5;90,16;407,68;451,06;-;630;571,48;476,37
27.09.2022;09:00;10:00;412,29;346,94;169,8;412,29;412,29;680;271,62;327,27;412,29;211,41;69,95;411,45;437,92;-;680;635,85;472,31
27.09.2022;10:00;11:00;366,86;309,06;164;366,86;366,86;558;213,61;327,16;374,95;164,89;69,29;404,51;389,58;-;558;496,75;414,85
27.09.2022;11:00;12:00;351,37;297,96;169,81;351,37;351,37;520;215,64;324,32;374,95;149,37;68,76;381,42;370,57;-;520;435,29;385,02
27.09.2022;12:00;13:00;301,37;264,43;200,38;301,37;301,37;386,47;237,1;319,66;319,42;145,04;62,06;324,24;311,59;-;386,47;327,97;317,24
27.09.2022;13:00;14:00;293,27;256,83;226,16;293,27;293,27;349,57;250,54;303,72;306,27;143,91;60,86;297,59;300;-;377,1;308,97;303,37
27.09.2022;14:00;15:00;288,65;255,32;275,19;288,65;288,65;300,55;279,6;297,28;295,01;146,07;58,48;283,64;295,42;-;386,47;296,67;297,29
27.09.2022;15:00;16:00;295,21;264,71;292,16;295,21;295,21;297,93;292,91;311,2;295,86;170,62;57,42;307,71;295,55;-;377,65;295,98;295,71
27.09.2022;16:00;17:00;308,29;279,92;307,24;308,29;308,29;316,88;308,11;315,58;306,66;211,18;58,05;321,73;317,1;-;373,86;373,86;329,39
27.09.2022;17:00;18:00;365,3;321,15;365,45;365,3;365,3;365,66;365,47;322,48;369,92;215,37;62,05;368,66;367,03;-;377,1;370,85;375,28
27.09.2022;18:00;19:00;381,5;336,55;384,54;381,5;381,5;389,26;383,22;329,87;367,34;216,37;66,33;408,43;393,71;-;480;480;461,61
27.09.2022;19:00;20:00;418,99;360,13;424,06;418,99;418,99;432,27;421,79;332,77;374,96;234,24;65,16;422,56;415,67;-;588,07;570,63;543,3
27.09.2022;20:00;21:00;400,52;345,43;403,7;400,52;400,52;408,23;402,63;335,2;370;219,22;60,39;406,29;393;-;506,1;489,98;475,61
27.09.2022;21:00;22:00;351,43;310,57;351,43;351,43;351,43;351,43;351,43;326,39;351,43;199,8;52,37;377,67;351,43;-;374,26;351,43;351,43
27.09.2022;22:00;23:00;333,69;293,51;333,69;333,69;333,69;333,69;333,69;316,23;333,69;199,74;46,1;330,72;333,69;-;365,65;333,69;333,69
27.09.2022;23:00;00:00;319,71;276,1;319,71;319,71;319,71;319,71;319,71;310,44;319,71;164,89;34,73;289,06;319,71;-;361,6;319,71;319,71
28.09.2022;00:00;01:00;306,42;269,24;306,42;306,42;306,42;306,42;306,42;296,92;306,42;164,2;45,57;310,01;306,42;-;306,42;306,42;306,42
28.09.2022;01:00;02:00;275,78;245,46;275,78;275,78;275,78;275,78;275,78;267,23;275,78;163,73;45,17;293,51;275,78;-;275,78;275,78;275,78
28.09.2022;02:00;03:00;245,94;219,7;245,94;245,94;245,94;245,94;245,94;238,31;245,94;144,38;45,81;266,61;245,94;-;245,94;245,94;245,94
28.09.2022;03:00;04:00;242,98;217,88;242,98;242,98;242,98;242,98;242,98;235,45;242,98;153,94;46,7;259,71;242,98;-;242,98;242,98;242,98
28.09.2022;04:00;05:00;273,77;242,23;273,77;273,77;273,77;273,77;273,77;265,28;273,77;165,05;47,04;270,73;273,77;-;273,77;273,77;273,77
28.09.2022;05:00;06:00;307,13;272,48;307,13;307,13;307,13;307,13;307,13;296,56;307,13;189,87;50,63;310,36;307,13;-;307,13;307,13;307,13
28.09.2022;06:00;07:00;383,17;337,29;383,17;383,17;383,17;383,17;383,17;301,81;383,17;246,43;56,48;423,25;383,17;-;383,17;383,17;383,17
28.09.2022;07:00;08:00;472,63;403,25;472,63;472,63;472,63;472,63;472,63;302,3;472,63;266,14;69,02;489,84;472,63;-;472,63;472,63;472,63
28.09.2022;08:00;09:00;500,38;422,36;500,38;500,38;500,38;500,38;500,38;314,09;500,38;223,58;76,26;529,36;500,38;-;500,38;500,38;500,38
28.09.2022;09:00;10:00;429,91;370,86;394,68;429,91;429,91;453,1;399,9;322,15;419,95;214,43;77,24;509,06;429,14;-;453,1;430,67;429,02
28.09.2022;10:00;11:00;409,97;351,75;376,73;409,97;409,97;434,76;386,2;317,2;400,1;169,96;76,49;478,02;409,8;-;434,76;409,75;411,12
28.09.2022;11:00;12:00;394,6;341,85;375,84;394,6;394,6;406,74;381,57;313,26;379,93;165,43;76,34;477,97;394,11;-;406,74;383,88;400,98
28.09.2022;12:00;13:00;353,76;314,63;314,25;353,76;353,76;383,62;325,81;314,84;360,55;163,73;76,09;453,17;361,37;-;383,62;351,34;374,34
28.09.2022;13:00;14:00;346,45;307,56;315,04;346,45;346,45;369,95;324,24;317,98;351,66;156,8;76,43;425,31;352,86;-;369,95;343,02;364,41
28.09.2022;14:00;15:00;331,8;297,1;283,17;331,8;331,8;369,95;299,92;319,34;340,57;156,84;76,81;418,94;339,01;-;369,95;336,43;345,35
28.09.2022;15:00;16:00;357,91;315,2;346,68;357,91;357,91;366,91;350;318,83;360,13;157,3;76,88;415,49;359,2;-;366,91;360,51;359,7
28.09.2022;16:00;17:00;384,98;337,5;384,98;384,98;384,98;384,98;384,98;309,53;384,98;209,83;72,22;426,01;384,98;-;384,98;384,98;384,98
28.09.2022;17:00;18:00;435,59;372,87;435,59;435,59;435,59;435,59;435,59;305,03;435,59;215,26;75,92;456,25;435,59;-;435,59;435,59;435,59
28.09.2022;18:00;19:00;510,79;428,52;509,53;510,79;510,79;510;507,12;309,5;510,62;247,5;75,72;511,46;510,68;-;510;510,61;510,73
28.09.2022;19:00;20:00;640,42;520,56;640,42;640,42;640,42;640,42;640,42;310,12;640,42;272,19;75,61;585,26;640,42;-;640,42;640,42;640,42
28.09.2022;20:00;21:00;510;430,31;510;510;510;510;510;306,21;510;261,64;76,76;518,82;510;-;510;510;510
28.09.2022;21:00;22:00;419,99;361,77;419,99;419,99;419,99;419,99;419,99;301,83;419,99;214,42;70,25;453,08;419,99;-;419,99;419,99;419,99
28.09.2022;22:00;23:00;372,61;327,04;372,61;372,61;372,61;372,61;372,61;283,95;372,61;214,38;70;420,79;372,61;-;372,61;372,61;372,61
28.09.2022;23:00;00:00;361,8;313,51;361,8;361,8;361,8;361,8;361,8;282,81;361,8;188,51;60,17;384,48;361,8;-;361,8;361,8;361,8
29.09.2022;00:00;01:00;351,45;306,46;351,45;351,45;351,45;351,45;351,45;302,82;351,45;199,96;50,66;357,48;351,45;-;351,45;351,45;351,45
29.09.2022;01:00;02:00;336,51;291,37;336,51;336,51;336,51;336,51;336,51;299,97;336,51;167,87;51,8;329,9;336,51;-;336,51;336,51;336,51
29.09.2022;02:00;03:00;326,14;284,59;326,14;326,14;326,14;326,14;326,14;299,94;326,14;167,86;52,94;326,72;326,14;-;326,14;326,14;326,14
29.09.2022;03:00;04:00;315,19;276,71;315,19;315,19;315,19;315,19;315,19;299,93;315,19;167,87;50,47;319,19;315,19;-;315,19;315,19;315,19
29.09.2022;04:00;05:00;320;282,76;320;320;320;320;320;300,5;320;192,43;56,49;320,99;320;-;320;320;320
29.09.2022;05:00;06:00;345,53;303,47;345,53;345,53;345,53;345,53;345,53;306,3;345,53;209,31;63,33;340,48;345,53;-;345,53;345,53;345,53
29.09.2022;06:00;07:00;440,07;377,34;440,07;440,07;440,07;440,07;440,07;311,96;440,07;248,74;73,98;435,52;440,07;-;440,07;440,07;440,07
29.09.2022;07:00;08:00;569,93;473,7;569,93;569,93;569,93;569,93;569,93;314,58;569,93;298,46;92,7;515,47;569,93;-;569,93;569,93;569,93
29.09.2022;08:00;09:00;583,44;491,96;583,1;583,44;583,44;585;583,44;332,87;583,44;277,46;181,53;534,84;582,99;-;585;585;585,76
29.09.2022;09:00;10:00;478,2;406,73;349,3;407,08;478,2;674,4;407,08;354,98;453,02;248,16;151,59;459,97;490,24;-;674,4;522,48;498,04
29.09.2022;10:00;11:00;443,38;377,28;314;371,75;443,38;584,6;371,75;360,97;440;210,71;142,95;452,26;457,72;-;584,6;475,12;467,97
29.09.2022;11:00;12:00;377,86;362,58;359,87;352,1;377,86;558,86;352,1;338,8;415;209,03;183,42;446,08;395,21;-;558,86;476,67;426,87
29.09.2022;12:00;13:00;394,98;348,32;298,59;330,49;394,98;535,36;330,49;324,69;394,98;209,47;171,7;432,94;407,8;-;535,36;420,36;423,48
29.09.2022;13:00;14:00;344,25;344,29;336,1;344,25;344,25;503,77;344,25;333,58;372,6;208,65;229,94;428,97;340,88;-;503,77;385,02;372,6
29.09.2022;14:00;15:00;335,99;336,91;326,38;335,3;335,99;509;335,3;325,57;374,77;209,37;186,28;422,92;345,08;-;509;377,41;356,3
29.09.2022;15:00;16:00;368,94;347,79;323,83;350;368,94;484;350;339,85;395,7;210,01;209,96;415,98;377,46;-;484;398,67;383,61
29.09.2022;16:00;17:00;389,75;356,2;344,1;366,45;389,75;426,8;366,45;355,07;398,52;211,65;242,84;421,78;394,76;-;426,8;400;396,82
29.09.2022;17:00;18:00;445,01;408,77;445,01;445,01;445,01;445,01;445,01;361,25;445,01;245,59;312,51;462,03;445,01;-;445,01;445,01;445,01
29.09.2022;18:00;19:00;523,19;471,8;523,19;523,19;523,19;523,19;523,19;365,55;523,19;263,07;365,55;533,25;523,19;-;523,19;523,19;523,19
29.09.2022;19:00;20:00;605;539,51;605;605;605;605;605;359,94;605;359,14;359,94;620,61;605;-;605;605;605
29.09.2022;20:00;21:00;520;467,14;520;520;520;520;520;357,19;520;323,86;294,35;523,09;520;-;520;520;520
29.09.2022;21:00;22:00;424,99;387,16;424,99;424,99;424,99;424,99;424,99;343,21;424,99;244,12;245,97;450,52;424,99;-;424,99;424,99;424,99
29.09.2022;22:00;23:00;397,03;347,31;397,03;397,03;397,03;397,03;397,03;324,51;397,03;215;89,2;412,52;397,03;-;397,03;397,03;397,03
29.09.2022;23:00;00:00;374,46;328,64;374,46;374,46;374,46;374,46;374,46;320,54;374,46;208,09;78,19;387,02;374,46;-;374,46;374,46;374,46
30.09.2022;00:00;01:00;349,44;312,32;349,44;349,44;349,44;349,44;349,44;326,18;349,44;206,14;95,65;361,49;349,44;-;349,44;349,44;349,44
30.09.2022;01:00;02:00;336,1;299,99;336,1;336,1;336,1;336,1;336,1;309,95;336,1;198,59;90,9;347,71;336,1;-;336,1;336,1;336,1
30.09.2022;02:00;03:00;325,03;291,17;325,03;325,03;325,03;325,03;325,03;307,63;325,03;197,21;85,14;337,73;325,03;-;325,03;325,03;325,03
30.09.2022;03:00;04:00;322,42;288,6;322,42;322,42;322,42;322,42;322,42;306,43;322,42;196,03;84,99;330,19;322,42;-;322,42;322,42;322,42
30.09.2022;04:00;05:00;324,8;291,91;324,8;324,8;324,8;324,8;324,8;306,37;324,8;206,13;88,31;336,61;324,8;-;324,8;324,8;324,8
30.09.2022;05:00;06:00;348,44;312,45;348,44;348,44;348,44;348,44;348,44;306,85;348,44;206,13;125,01;359,91;348,44;-;348,44;348,44;348,44
30.09.2022;06:00;07:00;429,99;394,34;429,99;429,99;429,99;429,99;429,99;312,96;429,99;254,12;312,96;447,74;429,99;-;429,99;429,99;429,99
30.09.2022;07:00;08:00;524;472,78;524;524;524;524;524;339,54;524;268,51;339,54;585,01;524;-;524;524;524
30.09.2022;08:00;09:00;538,92;476,09;512,1;538,92;538,92;559,91;528,26;354,2;536,58;200,71;354,2;571,04;542,16;-;559,91;559,91;546,14
30.09.2022;09:00;10:00;431,37;386,6;279,77;431,37;431,37;551,71;350,33;348,83;459,96;137,32;348,83;464,98;448,1;-;551,71;464,71;454,54
30.09.2022;10:00;11:00;376,35;351,26;320,07;376,35;376,35;421,25;342,1;338,42;386,96;144,03;338,42;437,34;382,58;-;421,25;388,71;384,94
30.09.2022;11:00;12:00;334,17;317,08;236,96;334,17;334,17;411,7;267,79;316,39;353,5;134,68;316,39;437,1;344,99;-;411,7;355,52;348,99
30.09.2022;12:00;13:00;279,01;264,98;106,31;279,01;279,01;415,44;167,56;279,01;313,36;85,57;279,01;412,25;298,27;-;415,44;316,96;305,33
30.09.2022;13:00;14:00;252,2;247,09;210,94;252,2;252,2;286,02;229,9;252,2;284,54;79,72;252,2;320,71;297,35;-;367,86;296,36;306,54
30.09.2022;14:00;15:00;200,03;209,89;123,81;200,03;200,03;263,46;159,05;200,03;270,71;102,83;200,03;294,62;294,18;-;377,42;291,32;313,36
30.09.2022;15:00;16:00;195,36;211,77;110,83;195,36;195,36;267,38;148,55;195,36;285,58;137,32;190,67;285,64;317,42;-;377,42;312,2;342,07
30.09.2022;16:00;17:00;218,23;233,44;194,34;218,23;218,23;244,96;200;215,7;302,32;134,68;212,99;301,73;324,64;-;380,19;321,38;349,29
30.09.2022;17:00;18:00;306,61;306,87;266,66;306,61;306,61;298,85;304,82;293,92;379,89;194,24;293,92;350,2;379,89;-;380,19;380,19;400,71
30.09.2022;18:00;19:00;365,85;340,72;316,36;365,85;365,85;357,41;352,79;279,94;405,08;251,45;264;368,07;421,14;-;416,92;416,92;437,25
30.09.2022;19:00;20:00;356,73;333,29;333,86;339,09;356,73;382,39;339,09;302,05;424,93;268,53;110,8;370,09;438,65;-;481,66;454,32;494,17
30.09.2022;20:00;21:00;308,23;291,37;288,29;292,71;308,23;328,49;292,71;292,71;355,17;247;81,63;346,23;371,93;-;400;400;420,89
30.09.2022;21:00;22:00;192,44;206,14;176,66;192,44;192,44;221,09;192,44;192,44;267,08;196,21;69,84;295;271,9;-;370,09;299,3;342,1
30.09.2022;22:00;23:00;164;180,31;131,72;164;164;201,33;164;168,9;222,47;206,26;49,46;278,59;232,68;-;351,86;243,98;270,2
30.09.2022;23:00;00:00;91,95;131,07;111,54;91,95;91,95;155,72;91,95;94,7;172,89;168,68;45,24;241,41;175,72;-;351,86;195,44;218,27
